Pozisyon,Kategori,Alan,Soru,Cevap
Frontend,Teknik Yetenekler,React,"React nedir?","2011 yÄ±lÄ±nda Facebook tarafÄ±ndan geliÅŸtirilen React, web ve mobil kullanÄ±cÄ± arayÃ¼zleri oluÅŸturmaya yÃ¶nelik bir JavaScript kÃ¼tÃ¼phanesidir. React, geliÅŸtiricilerin yeniden kullanÄ±labilir UI bileÅŸenleri oluÅŸturmasÄ±na olanak tanÄ±r. BÃ¼yÃ¼k bir React topluluÄŸu da bulunur."
Frontend,Teknik Yetenekler,React,"React ne iÅŸe yarar?","React, web uygulamalarÄ±nda kullanÄ±cÄ± arayÃ¼zlerinin oluÅŸturulmasÄ±, gÃ¼ncellenmesi ve yÃ¶netilmesi iÃ§in kullanÄ±lÄ±r. React, bileÅŸen tabanlÄ± bir yaklaÅŸÄ±m kullanÄ±r. Yani uygulama iÃ§indeki her bir parÃ§ayÄ± tek tek ele alÄ±r ve bu parÃ§alarÄ±n deÄŸiÅŸikliklerine dinamik olarak reaksiyon gÃ¶sterir. Bu sayede, kullanÄ±cÄ± arayÃ¼zleri daha hÄ±zlÄ± ve verimli bir ÅŸekilde oluÅŸturulur."
Frontend,Teknik Yetenekler,React,"React bileÅŸenleri nedir?","React kullanarak oluÅŸturulan kullanÄ±cÄ± arayÃ¼zÃ¼nÃ¼n parÃ§alarÄ±na React bileÅŸenleri denir. BileÅŸenler ÅŸunlarÄ± yapar: Bir kullanÄ±cÄ± arayÃ¼zÃ¼nÃ¼ yeniden kullanÄ±labilir parÃ§alara ayÄ±rÄ±r. Kod tekrarÄ±nÄ± Ã¶nler. Kodun anlaÅŸÄ±lmasÄ±nÄ± kolaylaÅŸtÄ±rÄ±r. Zamandan ve Ã§abadan tasarruf saÄŸlar. ArayÃ¼zÃ¼n test edilmesini kolaylaÅŸtÄ±rÄ±r."
Frontend,Teknik Yetenekler,React,"Reactâ€™de iÅŸlevsel bileÅŸen ve sÄ±nÄ±f bileÅŸeni nedir?","Reactâ€™de sÄ±nÄ±f bileÅŸenleri ve iÅŸlevsel bileÅŸenler olmak Ã¼zere iki tÃ¼r bileÅŸen vardÄ±r.1.Ä°ÅŸlevsel bileÅŸenler:en temel React bileÅŸeni tÃ¼rÃ¼dÃ¼r. GÃ¶rÃ¼ntÃ¼ iÃ§in Ã§alÄ±ÅŸÄ±r ve veri alma veya gÃ¶rÃ¼ntÃ¼leme iÅŸlemi iÃ§in Propsâ€™u kullanÄ±r. Basit ve hÄ±zlÄ±dÄ±rlar.2.SÄ±nÄ±f bileÅŸenleri:geliÅŸtiricilerin bileÅŸen yaÅŸam dÃ¶ngÃ¼sÃ¼ yÃ¶ntemlerini ve bir bileÅŸenin durumunu yÃ¶netmesine izin veren karmaÅŸÄ±k React bileÅŸenleridir. GeliÅŸmiÅŸ Ã¶zelliklere sahip olup daha kompleks iÅŸlemler iÃ§in kullanÄ±lÄ±r. Her iki bileÅŸen tÃ¼rÃ¼ de React'de kullanÄ±lÄ±r. BileÅŸenin ihtiyaÃ§larÄ±na gÃ¶re seÃ§im yapÄ±lÄ±r."
Frontend,Teknik Yetenekler,React,"ReactJs Event Handling nedir?","ReactJs Event Handling, bir UI dÃ¼ÄŸmesine tÄ±klamak, bir UI nesnesinin Ã¼zerine fareyi getirmek, UI ile klavye komutlarÄ±nÄ± kullanmak gibi olaylarÄ±n yÃ¶netimi iÃ§in kullanÄ±lan bir Ã¶zelliktir. Bir kullanÄ±cÄ±nÄ±n React JavaScript kÃ¼tÃ¼phanesinde UI Ã¶gesine etki ettiÄŸi zaman oluÅŸan olaylarÄ±n yÃ¶netmeyi saÄŸlar."
Frontend,Teknik Yetenekler,React,"JSX nedir?","JSX, JavaScript'te HTML stil kodu yazmaya izin veren HTML benzeri bir syntaxâ€™tÄ±r.React ile web siteleri veya uygulamalar oluÅŸturmak iÃ§in JSX kullanÄ±lmasÄ±na gerek yoktur. Ancak, JSX kullanmak kod karmaÅŸÄ±klÄ±ÄŸÄ±nÄ± azaltÄ±r. JSX, React uygulamalarÄ±nÄ±n performansÄ±nÄ± artÄ±rÄ±r. JSX, HTML gibi gÃ¶rÃ¼nen nesne tanÄ±mlamalarÄ±na izin verir."
Frontend,Teknik Yetenekler,React,"TarayÄ±cÄ±lar JSXâ€™i neden okuyamÄ±yor?","Mevcut tarayÄ±cÄ±lar sadece JavaScript nesnelerini okuyabilir. TarayÄ±cÄ±nÄ±n JSXâ€™i okumasÄ±nÄ± saÄŸlamak iÃ§in JSX dosyasÄ±nÄ± Babel gibi JSX dÃ¶nÃ¼ÅŸtÃ¼rÃ¼cÃ¼ler kullanarak bir JavaScript nesnesine dÃ¶nÃ¼ÅŸtÃ¼rÃ¼lÃ¼r. Daha sonra nesneler tarayÄ±cÄ±da okunabilir."
Frontend,Teknik Yetenekler,React,"React Sanal DOM nedir?","React Sanal DOM, React tarafÄ±ndan kullanÄ±lan ve gerÃ§ek DOM (Belge Nesne Modeli) yerine kullanÄ±lan bir yapÄ±dÄ±r. Sanal DOM, gerÃ§ek DOM'un bir kopyasÄ±dÄ±r ve React tarafÄ±ndan kullanÄ±lan UI Ã¶gelerinin modellenmesini saÄŸlar."
Frontend,Teknik Yetenekler,React,"React Sanal DOM nasÄ±l Ã§alÄ±ÅŸÄ±r?","Web tarayÄ±cÄ±larÄ± sitenin veya uygulamanÄ±n nasÄ±l dÃ¼zenlendiÄŸini gÃ¶steren Belge Nesne Modeli (DOM) adÄ±nda bir yapÄ± oluÅŸtururlar. React, sitenin gerÃ§ek DOM'unun bir kopyasÄ± olan Sanal DOM kullanÄ±r. React, sanal DOMâ€™u kullanarak gerÃ§ek DOM'un hangi bÃ¶lÃ¼mlerinin deÄŸiÅŸmesi gerektiÄŸini belirler. DeÄŸiÅŸiklikleri Sanal DOM'dan alÄ±r ve gerÃ§ek DOM'u buna gÃ¶re gÃ¼nceller."
Frontend,Teknik Yetenekler,React,"GerÃ§ek DOM ile Sanal DOM arasÄ±ndaki farklar nelerdir?","GerÃ§ek DOM: YavaÅŸ gÃ¼ncellenir.GerÃ§ek DOM, direkt olarak HTML elementlerini deÄŸiÅŸtirir.Bellek tÃ¼ketimi fazladÄ±r.Sanal DOM: HÄ±zlÄ± gÃ¼ncellenir.HTML'yi doÄŸrudan gÃ¼ncellemez.Bellek tÃ¼ketimi daha azdÄ±r."
Frontend,Teknik Yetenekler,React,"Reactâ€™deki hatalar nasÄ±l ayÄ±klanÄ±r?","React kodundaki bir hatayÄ± ayÄ±klamak iÃ§in hata ayÄ±klama araÃ§larÄ± kullanÄ±lÄ±r. Ã–rneÄŸin Google Chrome iÃ§in DevTools kullanÄ±labilir. Hata ayÄ±klama araÃ§larÄ±, tarayÄ±cÄ±da oluÅŸan JavaScript hatalarÄ±nÄ± ve konsol Ã§Ä±ktÄ±larÄ±nÄ± gÃ¶rmeye yardÄ±mcÄ± olur."
Frontend,Teknik Yetenekler,React,"KullanÄ±cÄ± arayÃ¼zleri oluÅŸtururken React kullanmanÄ±n avantajlarÄ± nelerdir?","Sanal DOM modeli aracÄ±lÄ±ÄŸÄ±yla uygulama performansÄ± artÄ±rÄ±lÄ±r. JSX ile verimlilik artÄ±rÄ±lÄ±r.BileÅŸenler birden Ã§ok projede yeniden kullanÄ±lÄ±r. AÃ§Ä±k kaynak topluluÄŸu tarafÄ±ndan yardÄ±m alÄ±nÄ±r. Ã‡ok sayÄ±da eklenti araÃ§larÄ± vardÄ±r."
Frontend,Teknik Yetenekler,React,"Reactâ€™in dezavantajlarÄ± nelerdir?","React'in dezavantajlarÄ±ndan bazÄ±larÄ± ÅŸunlardÄ±r: React JS bir JavaScript kÃ¼tÃ¼phanesidir ve karmaÅŸÄ±k projelerde yeterli olmayabilir. React'i anlamak iÃ§in biraz zaman alabilir. React, JavaScript ve UI geliÅŸtirme alanÄ±nda deneyimli olmayan kullanÄ±cÄ±lar iÃ§in zor bir kÃ¼tÃ¼phane olabilir. Reactâ€™in bazÄ± dokÃ¼mantasyonlarÄ± yeterli olmayabilir. React, sÃ¼rekli olarak gÃ¼ncellenir. Bu da mevcut Ã¶zelliklerin sÃ¼rekli deÄŸiÅŸmesi anlamÄ±na gelir. GeliÅŸtiriciler sÃ¼rekli olarak gÃ¼ncellenen yeni Ã¶zelliklere uyum saÄŸlamaya Ã§alÄ±ÅŸÄ±r."
Frontend,Teknik Yetenekler,React,"Redux nedir?","Redux, Reactâ€™i tamamlayÄ±cÄ± bir kÃ¼tÃ¼phanedir. React ve diÄŸer JavaScript framework ve kÃ¼tÃ¼phaneleri ile uyumludur. Redux, geliÅŸtiricilerin test etmesi kolay web uygulamalarÄ± oluÅŸturmasÄ±na yardÄ±mcÄ± olur. AyrÄ±ca hata ayÄ±klama araÃ§larÄ±nÄ± da iÃ§erir."
Frontend,Teknik Yetenekler,React,"React'de Flux kavramÄ± nedir?","Flux, Facebook tarafÄ±ndan geliÅŸtirilen bir veri yÃ¶netimi yapÄ±sÄ±dÄ±r. Framework veya kÃ¼tÃ¼phane deÄŸildir. React uygulamalarÄ±nda, verilerin tek yÃ¶nlÃ¼ akÄ±ÅŸÄ±nÄ± saÄŸlamak ve veri yÃ¶netimini dÃ¼zenlemek iÃ§in kullanÄ±lÄ±r."
Frontend,Teknik Yetenekler,React,"React Router nedir?","React Router, React uygulamalarÄ± iÃ§in URL yÃ¶nlendirme ve sayfa akÄ±ÅŸlarÄ± eklemeyi saÄŸlayan bir JavaScript kÃ¼tÃ¼phanesidir. React uygulamalarÄ±nÄ±n dinamik ve interaktif web sayfalarÄ±na dÃ¶nÃ¼ÅŸtÃ¼rÃ¼lmesine yardÄ±mcÄ± olur. BÃ¶ylece uygulamanÄ±n kullanÄ±mÄ±nÄ± kolaylaÅŸtÄ±rÄ±r ve uygulamanÄ±n performansÄ±nÄ± arttÄ±rÄ±r."
Frontend,Teknik Yetenekler,React,"Reactâ€™de <> </> etiketleri ne iÅŸe yarar?","React'de; <> </> boÅŸ etiketler, JSX (JavaScript XML) sÃ¶zdizimi tarafÄ±ndan desteklenir. Bu boÅŸ etiketler, componentlerin gÃ¶rÃ¼ntÃ¼lenmesini kolaylaÅŸtÄ±rmak iÃ§in kullanÄ±labilir."
Frontend,Teknik Yetenekler,React,"Birden fazla ifade satÄ±rÄ± olduÄŸunda ne yapÄ±lÄ±r?","JSX ifadesi kullanÄ±lÄ±r."
Frontend,Teknik Yetenekler,React,"Reactâ€™de render () iÅŸlevinin amacÄ± nedir?","Her React bileÅŸeni render () iÃ§erir. Birden fazla HTML Ã¶gesinin oluÅŸturulmasÄ± gerekiyorsa, bunlar <form>, <group>, <div> gibi tek bir Ã§evreleyen etiket iÃ§inde gruplanmalÄ±dÄ±r."
Frontend,Teknik Yetenekler,React,"StrictMode nedir?","StrictMode, bir uygulamadaki var olacak sorunlarÄ± vurgulamak iÃ§in Reactâ€™in 16.3 sÃ¼rÃ¼mÃ¼ne eklenen bir araÃ§tÄ±r. GÃ¼venli olmayan yaÅŸam dÃ¶ngÃ¼sÃ¼ yÃ¶ntemleriyle bileÅŸenleri tanÄ±mlamayÄ± saÄŸlar. Eski sÃ¼rÃ¼m API kullanÄ±mÄ±yla ilgili uyarÄ±larÄ± verir.Debug sÃ¼recini kolaylaÅŸtÄ±rÄ±r."
Frontend,Teknik Yetenekler,React,"React Hook kavramÄ± nedir?","React Hook bir class yazmadan React Ã¶zelliklerini kullanmaya olanak saÄŸlayan bir yapÄ±dÄ±r."
Frontend,Teknik Yetenekler,React,"Props ve State nedir?","Props ve State React bileÅŸenlerinin, veri alma ve gÃ¶rÃ¼ntÃ¼lemesini saÄŸlayan iki farklÄ± mekanizmadÄ±r. BileÅŸenin davranÄ±ÅŸÄ±nÄ± ve verileri kontrol ederler. Props, React bileÅŸeninin iÃ§indeki deÄŸerleri tanÄ±mlar. Bu deÄŸerler, bileÅŸen tarafÄ±ndan okunabilir ama deÄŸiÅŸtirilemez. State, React bileÅŸeninin iÃ§indeki verileri tanÄ±mlar."
Frontend,Teknik Yetenekler,React,"Bir bileÅŸenin durumu nasÄ±l gÃ¼ncellenir?","Bir bileÅŸenin durumu this.setState() kullanÄ±larak gÃ¼ncellenebilir."
Frontend,Teknik Yetenekler,React,"React'te Arrow function nedir ve nasÄ±l kullanÄ±lÄ±r?","Arrow function, JavaScript dilindeki arrow function yapÄ±sÄ±nÄ±n React bileÅŸenlerinde kullanÄ±mÄ±dÄ±r. Bunlara 'ÅŸiÅŸman ok ' ( => ) iÅŸlevleri de denir. Bu iÅŸlevler bileÅŸenlerin baÄŸlamÄ±nÄ± dÃ¼zgÃ¼n bir ÅŸekilde baÄŸlamaya izin verir. Ok iÅŸlevleri Ã§oÄŸunlukla daha yÃ¼ksek dÃ¼zey iÅŸlevlerle Ã§alÄ±ÅŸÄ±rken kullanÄ±ÅŸlÄ±dÄ±r."
Frontend,Teknik Yetenekler,React,"Reactâ€™ta stateful ve stateless components nedir?","Stateful components, bileÅŸenin durum deÄŸiÅŸikliÄŸi hakkÄ±ndaki bilgilerini bellekte saklar. Durumdaki geÃ§miÅŸ, ÅŸimdiki ve gelecekteki olasÄ± deÄŸiÅŸikliklerin bilgisini bulundurur. Durum deÄŸiÅŸtirme yetkisine de sahiptir. ğŸ‘‰ Stateless components, bileÅŸenlerin iÃ§ durumunu hesaplar. Durum deÄŸiÅŸtirme yetkisi olamayacaÄŸÄ± gibi, geÃ§miÅŸ, ÅŸimdiki ve gelecekteki olasÄ± durum deÄŸiÅŸiklikleri hakkÄ±nda bilgi de iÃ§ermez."
Frontend,Teknik Yetenekler,React,"React bileÅŸenlerinin yaÅŸam dÃ¶ngÃ¼leri nelerdir?","componentWillMount () â€“ BileÅŸenin oluÅŸturulmadan Ã¶nce yani bileÅŸenin 'mount' aÅŸamasÄ±nda Ã§aÄŸrÄ±lan bir yaÅŸam dÃ¶ngÃ¼sÃ¼ yÃ¶ntemidir. componentDidMount () â€“ Ä°stemci tarafÄ±nda yalnÄ±zca ilk iÅŸlemeden sonra Ã§alÄ±ÅŸtÄ±rÄ±lan yÃ¶ntemdir. componentWillReceiveProps () â€“ DonanÄ±mlar ana sÄ±nÄ±ftan alÄ±nÄ±nca ve baÅŸka bir iÅŸleme alÄ±nmadan Ã¶nce Ã§aÄŸrÄ±lan yÃ¶ntemdir. shouldComponentUpdate () â€“ BileÅŸenin gÃ¼ncellenip gÃ¼ncellenmeyeceÄŸini belirlemek ve performans iyileÅŸtirmeleri iÃ§in kullanÄ±lÄ±r. componentWillUpdate () â€“ DOM'da oluÅŸturma gerÃ§ekleÅŸmeden hemen Ã¶nce Ã§aÄŸrÄ±lan yÃ¶ntemdir. componentDidUpdate () â€“ BileÅŸen gÃ¼ncellendikten sonra Ã§aÄŸrÄ±lÄ±r. Yeni gÃ¼ncellenmiÅŸ bileÅŸen durumlarÄ±na eriÅŸim saÄŸlar. componentWillUnmount () â€“ Bellek boÅŸluklarÄ±nÄ± temizlemek iÃ§in kullanÄ±lÄ±r."
Frontend,Teknik Yetenekler,React,"React'te event nedir?","React'te bir olay (event), kullanÄ±cÄ±nÄ±n tarayÄ±cÄ± Ã¼zerinde gerÃ§ekleÅŸtirdiÄŸi etkileÅŸimlerin bir sonucu olarak meydana gelen bir durumdur. Bunlar, farenin Ã¼zerine gelme, fare tÄ±klamasÄ±, tuÅŸa basma vb. belirli eylemler olabilir. Bu eventleri iÅŸlemek, DOM Ã¶ÄŸelerindeki olaylarÄ± iÅŸlemeye benzer. Ancak bazÄ± sÃ¶zdizimsel farklÄ±lÄ±klar vardÄ±r: 1. Eventler, sadece kÃ¼Ã§Ã¼k harf kullanmak yerine camel harfi kullanÄ±larak adlandÄ±rÄ±lÄ±r. 2. Eventler, dizeler yerine iÅŸlevler olarak iletilir."
Frontend,Teknik Yetenekler,React,"React'te kod nasÄ±l modÃ¼ler hale getirilir?","Export ve import Ã¶zelliklerini kullanarak kod modÃ¼ler hale getirilebilir."
Frontend,Teknik Yetenekler,React,"React'te formlar nasÄ±l oluÅŸturulur?","React formlarÄ±, HTML formlarÄ±na benzer. React'te durumlar, bileÅŸenin durum Ã¶zelliÄŸinde bulunur. Bu durumlar, setState() aracÄ±lÄ±ÄŸÄ±yla gÃ¼ncellenir. Bu nedenle, Ã¶ÄŸeler durumlarÄ±nÄ± doÄŸrudan gÃ¼ncelleyemez ve gÃ¶nderimleri bir JavaScript iÅŸlevi tarafÄ±ndan gerÃ§ekleÅŸtirilir."
Frontend,Teknik Yetenekler,JavaScript,"JavaScript nedir?","JavaScript, hem istemci hem de sunucu tarafÄ±nda geliÅŸtirme iÃ§in kullanÄ±lan en popÃ¼ler betik dillerinden bir tanesidir. JavaScript kodu, web tarayÄ±cÄ±larÄ± tarafÄ±ndan anlaÅŸÄ±labilen ve Ã§alÄ±ÅŸtÄ±rÄ±labilen HTML sayfalarÄ±na eklenebilir."
Frontend,Teknik Yetenekler,JavaScript,"JavaScript'in Java'dan farkÄ± nedir?","JavaScript bir betik dili iken, Java bir programlama dilidir. Java, iÅŸletim sisteminde veya bir tarayÄ±cÄ±da Ã§alÄ±ÅŸabilen uygulamalar oluÅŸturmak iÃ§in kullanÄ±lÄ±rken JavaScript, yalnÄ±zca bir tarayÄ±cÄ± iÃ§inde Ã§alÄ±ÅŸÄ±r ve genellikle web geliÅŸtirmeye odaklanÄ±r."
Frontend,Teknik Yetenekler,JavaScript,"JavaScript veri tÃ¼rleri nelerdir?","JavaScript tarafÄ±ndan desteklenen toplam 7 temel veri tÃ¼rÃ¼ vardÄ±r: Boolean, Null, Number, Object, String, Symbol, Undefined"
Frontend,Teknik Yetenekler,JavaScript,"JavaScript'in Ã¶ne Ã§Ä±kan Ã¶zellikleri nelerdir?","JavaScript'in bazÄ± temel ve Ã¶nemli Ã¶zellikleri ÅŸunlardÄ±r:Nesne yÃ¶nelimli olmasÄ±, AÃ§Ä±k kaynak kodlu olmasÄ±, Bir betik dili olmasÄ±"
Frontend,Teknik Yetenekler,JavaScript,"JavaScriptâ€™te â€œletâ€ ve â€œvarâ€ ayrÄ±mÄ± nasÄ±l yapÄ±lÄ±r?","JavaScript'te deÄŸiÅŸken bildirimi iÃ§in hem â€œletâ€ hem de â€œvarâ€ kullanÄ±lÄ±r. AralarÄ±ndaki en Ã¶nemli fark, â€œvarâ€ iÅŸlev kapsamlÄ± iken, â€œletâ€ blok kapsamlÄ±dÄ±r."
Frontend,Teknik Yetenekler,JavaScript,"JavaScript escape (kaÃ§Ä±ÅŸ) karakterleri nelerdir?","JavaScript'te Ã¶zel karakterler yazÄ±lÄ±rken kaÃ§Ä±ÅŸ karakteri olan ters eÄŸik Ã§izgi (\) kullanÄ±lÄ±r. BazÄ± kaÃ§Ä±ÅŸ karakterleri ÅŸunlardÄ±r:  \b â€“ Geri alma, \f â€“ Form beslemesi, \n â€“ Yeni satÄ±r, \r â€“ SatÄ±r baÅŸÄ±, \t â€“ Tab, \v â€“ Dikey tab"
Frontend,Teknik Yetenekler,JavaScript,"Javascriptâ€™te Ã§Ä±ktÄ± nasÄ±l gÃ¶rÃ¼lÃ¼r?","JavaScriptâ€™te yapÄ±lan hesaplamalarÄ±n sonucunu gÃ¶rebilmek iÃ§in ekrana yazdÄ±rmak gerekir. Javascriptâ€™in gerÃ§ekleÅŸtirdiÄŸi iÅŸlemleri gÃ¶rmenin 4 farklÄ± yolu vardÄ±r: alert() - mesaj kutusunda gÃ¶rÃ¼ntÃ¼lemek, document.write() - Html sayfasÄ±nda gÃ¶rÃ¼ntÃ¼lemek, innerHTML - Html etiketi iÃ§inde gÃ¶rÃ¼ntÃ¼lemek, console.log() - tarayÄ±cÄ± konsolunda gÃ¶rÃ¼ntÃ¼lemek"
Frontend,Teknik Yetenekler,JavaScript,"DOM nedir?","DOM, DokÃ¼man Nesne Modeli anlamÄ±na gelir. Bu HTML belgesini temsil eder. HTML iÃ§eriÄŸine eriÅŸmek ve iÃ§eriÄŸini deÄŸiÅŸtirmek iÃ§in kullanÄ±lÄ±r."
Frontend,Teknik Yetenekler,JavaScript,"JavaScriptâ€™te Ã§erez nasÄ±l oluÅŸturulur?","JavaScriptâ€™te Ã§erez oluÅŸturmak oldukÃ§a basittir. Åu yÃ¶ntemle Ã§erez oluÅŸturulabilir: document.cookie = 'key1=value1; key2=value2; expires=date'"
Frontend,Teknik Yetenekler,JavaScript,"JavaScript kodunu birkaÃ§ satÄ±ra bÃ¶lmek mÃ¼mkÃ¼n mÃ¼?","Kodlar Ã§ok uzun bir satÄ±ra yayÄ±lÄ±rsa, kodlarÄ±n bÃ¼tÃ¼nÃ¼ gÃ¶rÃ¼lmediÄŸi iÃ§in Ã§alÄ±ÅŸmak zorlaÅŸabilir. Bu durumda, ters eÄŸik Ã§izgi '\' kullanÄ±larak kod satÄ±rÄ± bÃ¶lÃ¼nebilir."
Frontend,Teknik Yetenekler,JavaScript,"BildirilmemiÅŸ (undeclared) ve tanÄ±mlanmamÄ±ÅŸ (undefined) deÄŸiÅŸkenler nelerdir?","BildirilmemiÅŸ deÄŸiÅŸkenler, bir programda bulunmayan deÄŸiÅŸkenlerdir. Program, bildirilmemiÅŸ bir deÄŸiÅŸkenin deÄŸerini okumaya Ã§alÄ±ÅŸÄ±rsa, Ã§alÄ±ÅŸma zamanÄ± hatasÄ± ile karÅŸÄ±laÅŸÄ±lÄ±r. TanÄ±msÄ±z deÄŸiÅŸkenler ise, programda tanÄ±mlanmÄ±ÅŸ ancak herhangi bir deÄŸer verilmemiÅŸ deÄŸiÅŸkenlerdir."
Frontend,Teknik Yetenekler,JavaScript,"JavaScript'te 'this' anahtar kelimesi nedir?","JavaScript'teki 'this' anahtar kelimesi, bir fonksiyonun iÃ§inde kullanÄ±ldÄ±ÄŸÄ±nda, o anda Ã§alÄ±ÅŸtÄ±rÄ±lan fonksiyonun baÄŸlÄ± olduÄŸu nesneyi (objeyi) temsil eden Ã¶zel bir anahtar kelimedir. This anahtar kelimesi kullanÄ±ldÄ±ÄŸÄ± yere gÃ¶re farklÄ± deÄŸerler alabilir. Ã–rneÄŸin bir nesne iÃ§erisinde kullanÄ±ldÄ±ÄŸÄ±nda farklÄ± bir deÄŸer ifade ederken bir fonksiyon iÃ§erisinde kullanÄ±ldÄ±ÄŸÄ±nda farklÄ± bir deÄŸer ifade edebilir."
Frontend,Teknik Yetenekler,JavaScript,"JavaScript'te zamanlayÄ±cÄ±larÄ±n Ã§alÄ±ÅŸmasÄ± nedir?","ZamanlayÄ±cÄ±lar, Ã¶nceden belirlenmiÅŸ bir zamanda kod parÃ§asÄ±nÄ± yÃ¼rÃ¼tmek veya belirli bir aralÄ±kta kodu tekrarlamak iÃ§in kullanÄ±lÄ±r. Bu iÅŸlem, setTimeout, setInterval ve clearInterval iÅŸlevleri kullanÄ±larak yapÄ±lÄ±r. setTimeout (function, delay) iÅŸlevi, belirtilen gecikmeden sonra belirli bir iÅŸlevi Ã§aÄŸÄ±ran bir zamanlayÄ±cÄ±yÄ± baÅŸlatmak iÃ§in kullanÄ±lÄ±r. setInterval (fonksiyon, gecikme) iÅŸlevi, verilen iÅŸlevi belirtilen gecikmede tekrar yÃ¼rÃ¼tÃ¼r ve yalnÄ±zca iptal edildiÄŸinde durur. clearInterval (id) iÅŸlevi zamanlayÄ±cÄ±ya durma komutunu verir."
Frontend,Teknik Yetenekler,JavaScript,"Javascript'te yorum nasÄ±l yapÄ±lÄ±r? Yorum iÃ§in hangi sembol kullanÄ±lÄ±r?","JavaScriptâ€™te yorumlar iÃ§in 2 sembol bulunur. 1- Tek satÄ±rlÄ±k yorumlar iÃ§in â€œ//â€ kullanÄ±lÄ±r. 2- Ã‡ok satÄ±rlÄ± yorumlar iÃ§in â€œ/*â€ kullanÄ±lÄ±r."
Frontend,Teknik Yetenekler,JavaScript,"ViewState ve SessionState arasÄ±ndaki fark nedir?","'ViewState', oturumdaki tek bir sayfaya Ã¶zeldir. 'SessionState', tÃ¼m web uygulama sayfalarÄ±ndan eriÅŸilebilen, kullanÄ±cÄ±ya Ã¶zel verilere Ã¶zeldir."
Frontend,Teknik Yetenekler,JavaScript,"â€œ===â€ operatÃ¶rÃ¼ nedir? â€œ==â€ ile â€œ===â€ operatÃ¶rlerinin farkÄ± nedir?","JavaScript'teki '===' (Ã¼Ã§ eÅŸittir) operatÃ¶rÃ¼, deÄŸerlerin hem deÄŸerlerini hem de tÃ¼rlerini karÅŸÄ±laÅŸtÄ±ran bir karÅŸÄ±laÅŸtÄ±rma operatÃ¶rÃ¼dÃ¼r. Verilen iki deÄŸerin eÅŸit olup olmadÄ±ÄŸÄ±nÄ± kontrol eder. â€œ==â€ operatÃ¶rÃ¼ ile iki deÄŸiÅŸken karÅŸÄ±laÅŸtÄ±rÄ±ldÄ±ÄŸÄ±nda, deÄŸiÅŸkenlerin tÃ¼rleri farklÄ± ama deÄŸerleri aynÄ± ise sonuÃ§ true olur. KarÅŸÄ±laÅŸtÄ±rma '===' ile yapÄ±lÄ±rsa iki deÄŸiÅŸkenin hem tÃ¼rÃ¼ hem de deÄŸeri aynÄ± ise sonuÃ§ true olur."
Frontend,Teknik Yetenekler,JavaScript,"JavaScript kullanarak nasÄ±l form gÃ¶nderilir?","JavaScript kullanarak bir form gÃ¶ndermek iÃ§in submit() metodu kullanÄ±lÄ±r."
Frontend,Teknik Yetenekler,JavaScript,"JavaScript otomatik tÃ¼r dÃ¶nÃ¼ÅŸtÃ¼rmeyi destekler mi?","Evet, JavaScript otomatik tÃ¼r dÃ¶nÃ¼ÅŸtÃ¼rmeyi destekler. FarklÄ± veri tÃ¼rleri Ã¼zerinden iÅŸlem yapÄ±ldÄ±ÄŸÄ±nda veri tÃ¼rÃ¼nÃ¼ otomatik olarak doÄŸru veri tÃ¼rÃ¼ne dÃ¶nÃ¼ÅŸtÃ¼rmeye Ã§alÄ±ÅŸÄ±r."
Frontend,Teknik Yetenekler,JavaScript,"JavaScript'teki dÃ¶ngÃ¼ yapÄ±larÄ± nelerdir?","Javascript'teki dÃ¶ngÃ¼ yapÄ±larÄ± ÅŸunlardÄ±r:  For - Bir kod bloÄŸunda birkaÃ§ kez tekrarlanÄ±r. While - Belirtilen bir koÅŸul doÄŸruyken dÃ¶ngÃ¼yÃ¼ tekrar eder. Do-while loops - KoÅŸulu kontrol etmeden Ã¶nce dÃ¶ngÃ¼ bloÄŸunu en az bir kez Ã§alÄ±ÅŸtÄ±ran bir yapÄ±dÄ±r. KoÅŸul yanlÄ±ÅŸ olduÄŸu sÃ¼rece dÃ¶ngÃ¼ tekrar eder. For in - Bir nesnenin tÃ¼m Ã¶zellikleri iÃ§in dÃ¶ngÃ¼yÃ¼ tekrarlar."
Frontend,Teknik Yetenekler,JavaScript,"JavaScriptâ€™te tabanlÄ± bir dizi tam sayÄ±ya nasÄ±l dÃ¶nÃ¼ÅŸtÃ¼rÃ¼lÃ¼r?","parseInt() iÅŸlevi, sayÄ±larÄ± farklÄ± tabanlar arasÄ±nda dÃ¶nÃ¼ÅŸtÃ¼rmek iÃ§in kullanÄ±lÄ±r."
Frontend,Teknik Yetenekler,JavaScript,"JavaScript bÃ¼yÃ¼k/kÃ¼Ã§Ã¼k harfe duyarlÄ± bir dil midir?","Evet, JavaScript bÃ¼yÃ¼k/kÃ¼Ã§Ã¼k harfe duyarlÄ± bir betik dilidir."
Frontend,Teknik Yetenekler,JavaScript,"JavaScript kaÃ§ tÃ¼r iÅŸlevi destekler?","JavaScriptâ€™te adlandÄ±rÄ±lmÄ±ÅŸ ve anonim olmak Ã¼zere iki temel iÅŸlev vardÄ±r."
Frontend,Teknik Yetenekler,JavaScript,"JavaScript'te NULL ne demektir?","NULL deÄŸeri, hiÃ§bir deÄŸeri veya nesneyi temsil etmemek iÃ§in kullanÄ±lÄ±r."
Frontend,Teknik Yetenekler,JavaScript,Delete operatÃ¶rÃ¼nÃ¼n iÅŸlevi nedir?,"Delete anahtar sÃ¶zcÃ¼ÄŸÃ¼, Ã¶zellikleri ve deÄŸerleri silmek iÃ§in kullanÄ±lÄ±r."
Frontend,Teknik Yetenekler,JavaScript,"UyarÄ± kutusu (alert) ile onay kutusu (confirm) arasÄ±ndaki fark nedir?","JavaScript'te uyarÄ± kutusu (alert) ve onay kutusu (confirm) arasÄ±ndaki fark ÅŸu ÅŸekildedir: UyarÄ± kutusu, sadece â€œtamamâ€ dÃ¼ÄŸmesi/butonu olan tek bir kutudur. KullanÄ±cÄ± "Tamam" dÃ¼ÄŸmesine tÄ±kladÄ±ÄŸÄ±nda uyarÄ± kutusu kaybolur. Onay kutusu, â€œtamamâ€ ve â€œiptalâ€ olmak Ã¼zere iki dÃ¼ÄŸmesi/butonu olan kutudur. KullanÄ±cÄ± "Evet" veya "HayÄ±r" dÃ¼ÄŸmesine tÄ±kladÄ±ÄŸÄ±nda onay kutusu, kullanÄ±cÄ±nÄ±n seÃ§imine gÃ¶re farklÄ± deÄŸerleri gÃ¶rÃ¼ntÃ¼ler."
Frontend,Teknik Yetenekler,JavaScript,"JavaScriptâ€™te istisnalarÄ± iÅŸlemek iÃ§in hangi anahtar kelimeler kullanÄ±lÄ±r?","JavaScript'te istisnalarÄ± (hatalarÄ±) iÅŸlemek iÃ§in try, catch ve finally anahtar kelimeleri kullanÄ±lÄ±r."
Frontend,Teknik Yetenekler,JavaScript,"JavaScriptâ€™teki hata tÃ¼rleri nedir?","JavaScriptâ€™te Ã¼Ã§ tÃ¼r hata vardÄ±r: 1- Syntax Errors: Bir web sayfasÄ± yÃ¼klenirken ortaya Ã§Ä±kan syntax kaynaklÄ± hatalardÄ±r. JavaScript'te yorumlama zamanÄ±nda ortaya Ã§Ä±kar. 2- Runtime Errors: HTML dili iÃ§indeki komutun yanlÄ±ÅŸ kullanÄ±mÄ±ndan kaynaklanan hatalardÄ±r. YÃ¼rÃ¼tme sÄ±rasÄ±nda (derlemeden/yorumlamadan sonra) meydana gelir. 3- Logical Errors: FarklÄ± bir iÅŸlemle bir fonksiyon Ã¼zerinde gerÃ§ekleÅŸtirilen hatalÄ± mantÄ±k nedeniyle oluÅŸan hatalardÄ±r. Logical errors, izlenmesi en zor hata tÃ¼rleri olabilir."
Frontend,Teknik Yetenekler,JavaScript,"JavaScript'te Push metodu nasÄ±l kullanÄ±lÄ±r?","JavaScripâ€™te Push metodu, dizilerin sonuna Ã¶ÄŸe eklemek iÃ§in kullanÄ±lÄ±r. Bu yÃ¶ntem kullanÄ±larak, birden Ã§ok Ã¶ÄŸe eklenebilir."
Frontend,Teknik Yetenekler,JavaScript,"JavaScript'te unshift metodu nedir?","Unshif metodu, bir veya daha fazla Ã¶ÄŸeyi dizinin baÅŸÄ±na eklemek iÃ§in kullanÄ±lan yÃ¶ntemdir. Bu metod, mevcut dizinin ilk elemanÄ± olarak belirtilen Ã¶ÄŸeleri ekler ve dizinin diÄŸer elemanlarÄ±nÄ± kaydÄ±rÄ±r."
Frontend,Teknik Yetenekler,JavaScript,"JavaScript'te 'Strict Mode' nedir ?","JavaScript'te 'Strict Mode', kodun daha gÃ¼venli ve tutarlÄ± bir ÅŸekilde Ã§alÄ±ÅŸmasÄ±nÄ± ve bazÄ± hatalÄ± kullanÄ±mlarÄ± hata olarak tanÄ±mlamasÄ±nÄ± saÄŸlar. Strict mode bir JavaScript dosyasÄ±nÄ±n tamamÄ±na uygulanabileceÄŸi gibi sadece belirli bir kod bloÄŸuna da uygulanabilir."
Frontend,Teknik Yetenekler,JavaScript,"window.onload ve onDocumentReady nedir?","JavaScript'te, window.onload ve document.ready(), sayfa yÃ¼klenirken kullanÄ±lan iki farklÄ± yÃ¶ntemdir. window.onload iÅŸlevi, tÃ¼m web sayfasÄ± yÃ¼klendikten sonra yÃ¼rÃ¼tÃ¼lÃ¼r. BaÅŸlÄ±k etiketi, stil sayfalarÄ±, resimler ve videolar dahil olmak Ã¼zere diÄŸer tÃ¼m etiketler gibi DOM ile ilgili tÃ¼m Ã¶ÄŸeleri iÃ§erir. onDocumentReady, kod bloÄŸunu yÃ¼rÃ¼ten bir jQuery yÃ¶ntemidir. DOM yÃ¼klendikten hemen sonra kodu yÃ¼kler. Bu, kodun erken manipÃ¼lasyonuna izin verir."
Frontend,Teknik Yetenekler,JavaScript,"JavaScriptâ€™te decodeURI() ve encodeURI() nedir?","decodeURI() ve encodeURI(), JavaScript'te URL'leri iÅŸlemek iÃ§in kullanÄ±lan iki yÃ¶ntemdir. encodeURI(): Bu yÃ¶ntem, bir URL'de kullanÄ±lan karakterleri uygun bir biÃ§imde kodlayarak, geÃ§ersiz karakterleri URL iÃ§inde geÃ§erli karakterlere dÃ¶nÃ¼ÅŸtÃ¼rÃ¼r. decodeURI(): Bu yÃ¶ntem, bir URL'de kodlanmÄ±ÅŸ karakterleri Ã§evirmeyi saÄŸlar. Yani orjinal karakterleri elde eder."
Frontend,Teknik Yetenekler,JavaScript,"JavaScript kullanmanÄ±n avantajlarÄ± nelerdir?","JavaScriptâ€™in kullanÄ±m alanÄ± oldukÃ§a geniÅŸtir. JavaScript'in bu kadar popÃ¼ler olmasÄ±nÄ±n nedeni tabii ki de sunduÄŸu avantajlardÄ±r. JavaScriptâ€™in bazÄ± avantajlarÄ± ÅŸunlardÄ±r: KullanÄ±mÄ± kolay - JavaScript'in anlaÅŸÄ±lmasÄ± oldukÃ§a kolaydÄ±r. YazÄ±lÄ±ma yeni baÅŸlasanÄ±z dahi JavaScriptâ€™i Ã¶ÄŸrenmek sanÄ±ldÄ±ÄŸÄ± kadar zor deÄŸildir. HÄ±zlÄ± - JavaScript ""yorumlanmÄ±ÅŸ"" bir dildir. DolayÄ±sÄ±yla derleme iÃ§in olan sÃ¼reyi kÄ±saltÄ±r. AyrÄ±ca JavaScript, sunucu tarafÄ±nda bekleme sÃ¼relerini ortadan kaldÄ±rarak programÄ±n yÃ¼rÃ¼tÃ¼lmesini hÄ±zlandÄ±rÄ±r. Uyumlu - JavaScript, diÄŸer programlama dilleriyle sorunsuz bir ÅŸekilde Ã§alÄ±ÅŸÄ±r. Bu nedenle birÃ§ok yazÄ±lÄ±mcÄ±, Ã§eÅŸitli uygulamalar oluÅŸturmak iÃ§in JavaScript kullanmayÄ± tercih eder. Sade - JavaScript'in anlaÅŸÄ±lmasÄ± ve Ã¶ÄŸrenilmesi kolaydÄ±r. YapÄ±, hem kullanÄ±cÄ±lar hem de yazÄ±lÄ±mcÄ±lar iÃ§in basittir. PopÃ¼ler - GÃ¼nÃ¼mÃ¼zde en Ã§ok kullanÄ±lan tarayÄ±cÄ±lar JavaScript'i desteklediÄŸinden, hemen hemen her web uygulamalarÄ±nda JavaScript kullanÄ±lÄ±r. Google, Amazon, PayPal vb. teknoloji devleri JavaScript'i kullanÄ±r. Zengin ArayÃ¼z - JavaScript, web sayfalarÄ± oluÅŸturmak iÃ§in Ã§eÅŸitli arayÃ¼zler sunar. SÃ¼rÃ¼kle ve bÄ±rak bileÅŸenleri web sayfasÄ±nda geliÅŸtirilmiÅŸ kullanÄ±cÄ± deneyimi saÄŸlar."
Frontend,Teknik Yetenekler,JavaScript,"JavaScript ile ne yapÄ±labilir?","JavaScript, web sayfalarÄ± ve uygulamalarÄ± oluÅŸturmak iÃ§in kullanÄ±lÄ±r. Google Haritalar, JavaScript kullanÄ±larak geliÅŸtirilmiÅŸtir. JavaScript akÄ±llÄ± saatlerde kullanÄ±lÄ±r. Google, Facebook, Netflix, Amazon vb. gibi her gÃ¼n milyonlarca tÄ±klama alan web siteleri JavaScriptâ€™in avantajlarÄ±ndan yararlanÄ±rlar. Mobil uygulamalar da JavaScript kullanarak oluÅŸturulur. Bunun yanÄ± sÄ±ra oyun geliÅŸtirme JavaScriptâ€™in bir diÄŸer kullanÄ±m alanÄ±dÄ±r."
Frontend,Teknik Yetenekler,JavaScript,"JavaScript frameworkleri nelerdir?","En Ã§ok kullanÄ±lan JavaScript frameworkleri ÅŸunlardÄ±r: AngularJS: HÄ±zlÄ± uygulama geliÅŸtirme Ã¶zelliÄŸi saÄŸlayan web geliÅŸtirme frameworkÃ¼dur. ReactJS: Facebook tarafÄ±ndan desteklenen Ã¼st dÃ¼zey JavaScript frameworkÃ¼dÃ¼r. MeteorJS: Backend kÄ±smÄ±nda kullanÄ±lan JavaScript frameworkÃ¼dÃ¼r. Zamandan tasarruf etmeyi saÄŸlar. jQuery: Web sitesini geliÅŸtirmek ve daha etkileÅŸimli hale getirmek iÃ§in kullanÄ±lan frameworktÃ¼r. Google, WordPress ve IBM gibi teknoloji ÅŸirketleri jQuery'i kullanÄ±r."
Frontend,Teknik Yetenekler,TypeScript,"TypeScript nedir?","TypeScript, JavaScript programlama dili Ã¼zerine kurulu, nesne yÃ¶nelimli, derlenmiÅŸ bir programlama dilidir. Her Ã¶lÃ§ekte daha iyi araÃ§lar saÄŸlamak iÃ§in tasarlanmÄ±ÅŸ, JavaScript dilinin bir Ã¼st kÃ¼mesidir. TypeScript, JavaScript geliÅŸtirmeyi daha verimli hale getirir. HatalarÄ± daha erken tespit etmeye yardÄ±mcÄ± olur. TypeScript kodu, â€œ.tsâ€ uzantÄ±lÄ± bir dosyaya yazÄ±lÄ±r ve ardÄ±ndan derleyici kullanÄ±larak JavaScript'te derlenir. DosyayÄ± herhangi bir kod dÃ¼zenleyicide yazabilirsiniz."
Frontend,Teknik Yetenekler,TypeScript,"TypeScript ve JavaScript arasÄ±ndaki farklar nelerdir?","TypeScript: TypeScript, nesne yÃ¶nelimli bir dildir. TypeScript, statik olarak yazÄ±lÄ±r. TypeScript, modÃ¼llerleri destekler. Ä°steÄŸe baÄŸlÄ± parametre iÅŸlevini destekler. JavaScript: JavaScript bir betik dilidir. JavaScriptâ€™in statik yazma Ã¶zelliÄŸi yoktur. JavaScript modÃ¼lleri desteklemez. JavaScript isteÄŸe baÄŸlÄ± parametre iÅŸlevini desteklemez."
Frontend,Teknik Yetenekler,TypeScript,"TypeScript'in Ã¶ne Ã§Ä±kan Ã¶zellikleri nelerdir?","Ã‡apraz Platform: TypeScript, Windows, MacOS ve Linux gibi herhangi bir iÅŸletim sistemine kurulabilir. Nesne YÃ¶nelimli: TypeScript, sÄ±nÄ±flar, arayÃ¼zler ve modÃ¼ller gibi Ã¶zellikler sunar. BÃ¶ylece, sunucu tarafÄ± geliÅŸtirmenin yanÄ± sÄ±ra istemci tarafÄ± iÃ§in nesne yÃ¶nelimli kod yazabilir. Statik Tip KontrolÃ¼: TypeScript, statik tip tanÄ±mlama Ã¶zelliÄŸi sayesinde deÄŸiÅŸkenlerin ve fonksiyonlarÄ±n tipini Ã¶nceden belirleyebilir. Bu sayede hatalarÄ±n derleme zamanÄ±nda tespit edilmesini saÄŸlar ve daha gÃ¼venli bir kod tabanÄ± oluÅŸturur. ECMAScript 6+ DesteÄŸi: TypeScript, ECMAScript 6 ve sonraki sÃ¼rÃ¼mleriyle tam uyumlu Ã§alÄ±ÅŸÄ±r. DolayÄ±sÄ±yla, modern JavaScript Ã¶zellikleri kullanÄ±labilinir ve daha gÃ¼ncel ve geliÅŸmiÅŸ kodlar yazÄ±labilir."
Frontend,Teknik Yetenekler,TypeScript,"TypeScript kullanmanÄ±n faydalarÄ± nelerdir?","TypeScript hÄ±zlÄ±, basit ve Ã¶ÄŸrenmesi kolaydÄ±r. AyrÄ±ca, herhangi bir tarayÄ±cÄ±da Ã§alÄ±ÅŸabilir. JavaScript'e benzer bir syntax ve semantiÄŸi kullanÄ±r. TypeScript kodu mevcut bir JavaScript kodundan Ã§aÄŸrÄ±labilir. AyrÄ±ca, mevcut JavaScript frameworkâ€™leri ve kÃ¼tÃ¼phaneleriyle sorunsuz Ã§alÄ±ÅŸÄ±r. Node.js gibi ES5 dÃ¼zeyinde JavaScript motorlarÄ±nda Ã§alÄ±ÅŸabilen ES6 ve ES7 Ã¶zelliklerini iÃ§erir."
Frontend,Teknik Yetenekler,TypeScript,"TypeScript'in bileÅŸenleri nelerdir?","TypeScript'in bileÅŸenleri, dilin temel yapÄ± taÅŸlarÄ±nÄ± oluÅŸturan ve yazÄ±lÄ±m geliÅŸtirme sÃ¼recinde kullanÄ±lan Ã¶nemli unsurlardÄ±r. TypeScript'te aÅŸaÄŸÄ±dakileri iÃ§eren Ã¼Ã§ farklÄ± bileÅŸen tÃ¼rÃ¼ vardÄ±r: Dil - Syntax, anahtar kelimeler ve tÃ¼r ek aÃ§Ä±klamalarÄ±ndan oluÅŸur. TypeScript Compiler - Bu derleyici (tsc), TypeScript'te yazÄ±lan kodlarÄ± JavaScript koduna dÃ¶nÃ¼ÅŸtÃ¼rÃ¼r. BÃ¶ylece TypeScript'in tarayÄ±cÄ±larda Ã§alÄ±ÅŸabilmesini saÄŸlar. TypeScript Language Service - TypeScript Language Service (TypeScript Dil Hizmeti), TypeScript'in entegre geliÅŸtirme ortamlarÄ±nda (IDE'ler) ve metin dÃ¼zenleyicilerde saÄŸladÄ±ÄŸÄ± Ã¶zellikleri ve hizmetleri saÄŸlayan bir bileÅŸendir."
Frontend,Teknik Yetenekler,TypeScript,"TypeScript dosyalarÄ± nasÄ±l derlenir?","TypeScript dosyalarÄ±, TypeScript Compiler (tsc) ile derlenir. TypeScript dosyalarÄ±, "".ts"" uzantÄ±sÄ±na sahiptir ve iÃ§inde TypeScript dilinde yazÄ±lmÄ±ÅŸ kodlarÄ± barÄ±ndÄ±rÄ±r. Bu dosyalarÄ± JavaScript dosyalarÄ±na dÃ¶nÃ¼ÅŸtÃ¼rmek iÃ§in TypeScript Compiler kullanÄ±lÄ±r. Herhangi bir JavaScript dosyasÄ±, JavaScript'in bir Ã¼st kÃ¼mesi olduÄŸu iÃ§in aynÄ± zamanda bir TypeScript dosyasÄ±dÄ±r. Yani â€œ.jsâ€ uzantÄ±sÄ± â€œ.tsâ€ olarak deÄŸiÅŸtirildiÄŸinde TypeScript dosyasÄ± hazÄ±r olur. tsc <TypeScript File Name>.ts"
Frontend,Teknik Yetenekler,TypeScript,"TypeScript'teki yerleÅŸik veri tÃ¼rleri nelerdir?","TypeScript'teki yerleÅŸik veri tÃ¼rleri, deÄŸiÅŸkenlerin ve deÄŸerlerin tÃ¼rlerini belirlemek iÃ§in kullanÄ±lan temel veri tÃ¼rleridir. TypeScript'in Ã¶nceden tanÄ±mlanmÄ±ÅŸ yani yerleÅŸik veri tÃ¼rleri ÅŸunlardÄ±r: Number: SayÄ±sal veriler temsil eder. SayÄ±lar, TypeScript'te kayan noktalÄ± deÄŸerler olarak saklanÄ±r. Ã–rneÄŸin: const myNum: number = 1207; String: Metin veya karakter dizilerini temsil eden veri tÃ¼rÃ¼dÃ¼r. TypeScript'teki stringâ€™ler, JavaScript'tekiyle aynÄ± ÅŸekilde Ã§alÄ±ÅŸÄ±r. Ã–rneÄŸin: let myString: string = 'bacon' Boolean: MantÄ±ksal bir deÄŸeri temsil eden veri tÃ¼rÃ¼dÃ¼r. Boolean veri tÃ¼rÃ¼ kullanÄ±ldÄ±ÄŸÄ±nda, Ã§Ä±ktÄ± yalnÄ±zca doÄŸru veya yanlÄ±ÅŸ olarak alÄ±nÄ±r. Ã–rneÄŸin: const myBool: boolean = false; Null: Null, deÄŸeri tanÄ±mlanmamÄ±ÅŸ bir deÄŸiÅŸkeni temsil eder. Undefined: TanÄ±msÄ±z deÄŸiÅŸkenleri temsil eder. Void: Bir fonksiyonun geriye deÄŸer dÃ¶ndÃ¼rmediÄŸini ifade eden veri tÃ¼rÃ¼dÃ¼r."
Frontend,Teknik Yetenekler,TypeScript,"TypeScript'te deÄŸiÅŸkenler nedir ve nasÄ±l oluÅŸturulur?","DeÄŸiÅŸken, bellekte deÄŸerleri depolamak ve kullanmak iÃ§in kullanÄ±lan adlandÄ±rÄ±lmÄ±ÅŸ bir temel yapÄ± elemanlarÄ±dÄ±r. Javascript'in bir uzantÄ±sÄ± olan TypeScript'te, deÄŸiÅŸkenleri tanÄ±mlamak iÃ§in Ã¼Ã§ farklÄ± anahtar sÃ¶zcÃ¼k kullanÄ±lÄ±r: var, let, ve const. TypeScript'te bir deÄŸiÅŸken bildirirken belirli kurallara uyulmalÄ±dÄ±r. DeÄŸiÅŸken adlarÄ± bir harf veya sayÄ±sal rakam iÃ§erebilir. DeÄŸiÅŸken adlarÄ± bir rakamla baÅŸlayamaz. Alt Ã§izgi(_) ve dolar($) iÅŸareti dÄ±ÅŸÄ±nda boÅŸluk ve Ã¶zel karakter iÃ§eremez."
Frontend,Teknik Yetenekler,TypeScript,""" .ts"" dosyasÄ±ndaki gerÃ§ek zamanlÄ± deÄŸiÅŸikliklerle .ts'yi otomatik olarak derlemek mÃ¼mkÃ¼n mÃ¼dÃ¼r?","Evet, .ts dosyasÄ±ndaki gerÃ§ek zamanlÄ± deÄŸiÅŸikliklerle â€œ.tsâ€yi otomatik olarak derlemek mÃ¼mkÃ¼ndÃ¼r. Bu iÅŸlemi gerÃ§ekleÅŸtiren araÃ§lardan biri ""TypeScript Watch Mode"" (TypeScript Ä°zleme Modu) olarak adlandÄ±rÄ±lan Ã¶zelliktir. tsc --watch file1.ts Bu komut, TypeScript dosyalarÄ±nÄ± izleyecek ve herhangi bir deÄŸiÅŸiklik olduÄŸunda derleme iÅŸlemini otomatik olarak gerÃ§ekleÅŸtirecektir."
Frontend,Teknik Yetenekler,TypeScript,"TypeScript tarafÄ±ndan desteklenen nesne yÃ¶nelimli terimler nelerdir?","TypeScript aÅŸaÄŸÄ±daki nesne yÃ¶nelimli terimleri destekler: Modules, Classes, Interfaces, Inheritance, Data Types, Member functions"
Frontend,Teknik Yetenekler,TypeScript,"TypeScript'te arayÃ¼zler nelerdir?","ArayÃ¼z, nesnenin yapÄ±sÄ± veya iskeletidir. TypeScript'te arayÃ¼z, bir nesnenin ÅŸeklini tanÄ±mlar. Nesne Ã¶zellik adlarÄ±nÄ±, deÄŸerlerini ve veri tÃ¼rleri hakkÄ±nda bilgileri iÃ§erir. ArayÃ¼zler, tip gÃ¼venliÄŸini saÄŸlamak ve kodun daha anlaÅŸÄ±lÄ±r ve sÃ¼rdÃ¼rÃ¼lebilir olmasÄ±nÄ± saÄŸlamak iÃ§in kullanÄ±lÄ±r. TypeScript'te arayÃ¼z ""interface"" anahtar kelimesi yardÄ±mÄ±yla tanÄ±mlanÄ±r."
Frontend,Teknik Yetenekler,TypeScript,"TypeScript'te sÄ±nÄ±flar (classes) nedir?","SÄ±nÄ±flar, veri yapÄ±larÄ±nÄ± tanÄ±mlamak iÃ§in nesne yÃ¶nelimli programlama (OOP) dillerinde kullanÄ±lan yaygÄ±n bir soyutlamadÄ±r. TypeScript'te sÄ±nÄ±flar (classes), Ã¶nceden belirlenmiÅŸ bir ÅŸablona gÃ¶re nesnelerin nasÄ±l oluÅŸturulacaÄŸÄ±nÄ± ve hangi Ã¶zelliklere sahip olacaÄŸÄ±nÄ± belirtir. Bir sÄ±nÄ±f, Constructor, Properties ve Methods gibi veri yapÄ±larÄ±nÄ± iÃ§erir."
Frontend,Teknik Yetenekler,TypeScript,"TypeScript isteÄŸe baÄŸlÄ± olarak statik yazma nasÄ±l yapÄ±lÄ±r?","TypeScript isteÄŸe baÄŸlÄ± olarak statik yazÄ±lmÄ±ÅŸ bir dildir. Bu, derleyiciden bir deÄŸiÅŸkenin tÃ¼rÃ¼nÃ¼ yok saymasÄ±nÄ± isteyebileceÄŸiniz anlamÄ±na gelir. Herhangi bir veri tÃ¼rÃ¼nÃ¼ kullanarak, deÄŸiÅŸkene herhangi bir deÄŸer tÃ¼rÃ¼ atayabiliriz."
Frontend,Teknik Yetenekler,TypeScript,"TypeScript'teki modÃ¼ller nelerdir?","ModÃ¼l, ilgili deÄŸiÅŸkenler, iÅŸlevler, sÄ±nÄ±flar ve arabirimlerden oluÅŸan bir grup oluÅŸturmanÄ±n yoludur. TypeScript'te modÃ¼ller, kodun parÃ§alara bÃ¶lÃ¼nmesini ve her parÃ§anÄ±n baÄŸÄ±msÄ±z bir ÅŸekilde Ã§alÄ±ÅŸmasÄ±nÄ± saÄŸlayan yapÄ± elemanlarÄ±dÄ±r. ModÃ¼ller, bÃ¼yÃ¼k ve karmaÅŸÄ±k projelerde kodun daha dÃ¼zenli, anlaÅŸÄ±lÄ±r ve yÃ¶netilebilir olmasÄ±nÄ± saÄŸlar. â€œexportâ€ anahtar kelimesi kullanÄ±larak bir modÃ¼l oluÅŸturulabilir. â€œimportâ€ anahtar kelimesi kullanÄ±larak farklÄ± bir modÃ¼lden dÄ±ÅŸa aktarÄ±lan bir deÄŸiÅŸken, iÅŸlev, sÄ±nÄ±f veya arabirim iÃ§e aktarÄ±labilir."
Frontend,Teknik Yetenekler,TypeScript,"Dahili modÃ¼l ile harici modÃ¼l arasÄ±ndaki fark nedir?","Internal (Dahili) modÃ¼ller, sÄ±nÄ±flarÄ±, arayÃ¼zleri, fonksiyonlarÄ± ve deÄŸiÅŸkenleri tek bir birimde gruplandÄ±rÄ±r ve baÅŸka bir modÃ¼le aktarÄ±labilir. Dosya uzantÄ±sÄ± .tsâ€™dir. Yeniden kullanÄ±labilirlik sÄ±nÄ±rlÄ±dÄ±r. Dosya boyutu daha kÃ¼Ã§Ã¼k ve performans yÃ¼ksektir. External (Harici) modÃ¼ller, yalnÄ±zca bildirilen deÄŸiÅŸkenle iliÅŸkili yÃ¶ntemleri ve parametreleri gÃ¶sterir. Dosya uzantÄ±sÄ± .ts vs .jsâ€™dir. Yeniden kullanÄ±labilirlik yÃ¼ksektir. Dosya boyutu daha bÃ¼yÃ¼k ve performans yavaÅŸtÄ±r."
Frontend,Teknik Yetenekler,TypeScript,"TypeScript'te â€œnamespaceâ€ nedir?","Namespace, iÅŸlevleri mantÄ±ksal olarak gruplandÄ±rmaya yarar ve dahili modÃ¼l olarak da bilinir. Bu iÅŸlev, TypeScript'teki eski kodlarÄ± dahili olarak korur. BÃ¼yÃ¼k projelerde kodun daha dÃ¼zenli ve anlaÅŸÄ±lÄ±r olmasÄ±nÄ± saÄŸlar. Temel amacÄ±, kodu parÃ§alara bÃ¶lmek ve ad alanlarÄ± altÄ±nda gruplandÄ±rmaktÄ±r. Namespace, arabirimleri, sÄ±nÄ±flarÄ±, iÅŸlevleri ve deÄŸiÅŸkenleri de iÃ§erebilir."
Frontend,Teknik Yetenekler,TypeScript,"tsconfig.json dosyasÄ± nedir?","tsconfig.json dosyasÄ± JSON formatÄ±nda bir dosyadÄ±r. Projeyi derlemek iÃ§in gereken kÃ¶k dosyalarÄ± ve derleyici seÃ§eneklerini belirtir. Tsconfig.json dosyasÄ± her zaman projenin kÃ¶k dizinine yerleÅŸtirilir."
Frontend,Teknik Yetenekler,TypeScript,"TypeScript'te generics nelerdir?","TypeScript'te ""generics"" (cinsiyetler) bir tÃ¼r oluÅŸturma mekanizmasÄ±dÄ±r ve tÃ¼r gÃ¼venliÄŸi saÄŸlamak iÃ§in kullanÄ±lÄ±r. TypeScript generics, yeniden kullanÄ±labilir bileÅŸenler oluÅŸturmayÄ± saÄŸlar. Tek bir veri tÃ¼rÃ¼ yerine Ã§ok Ã§eÅŸitli veri tÃ¼rleri ile Ã§alÄ±ÅŸabilen bileÅŸenler oluÅŸturabilmektedir. AÃ§Ä±k (<) ve kapalÄ± (>) kÃ¶ÅŸeli parantezler arasÄ±na tÃ¼r parametresi yazÄ±lÄ±r. TÃ¼rleri belirten Ã¶zel bir tÃ¼r deÄŸiÅŸken iÃ§in <T> kullanÄ±r."
Frontend,Teknik Yetenekler,TypeScript,"TypeScript'te JSX nedir?","JSX, gÃ¶mÃ¼lebilir XML benzeri bir syntaxâ€™tÄ±r. TypeScript, JSX'i doÄŸrudan JavaScript'e gÃ¶mmeyi, tÃ¼r denetlemeyi ve derlemeyi saÄŸlar. UI bileÅŸenlerini daha kolay ve anlaÅŸÄ±lÄ±r bir ÅŸekilde oluÅŸturmayÄ± saÄŸlar."
Frontend,Teknik Yetenekler,TypeScript,"TypeScript'te ""enums"" nasÄ±l Ã§alÄ±ÅŸÄ±r?","Enumâ€™lar Ã§oÄŸu dilde ortak bir veri yapÄ±sÄ±dÄ±r. TypeScript'te ""enums"" (numaralandÄ±rma) belirli bir ad ile iliÅŸkilendirilmiÅŸ sabit deÄŸerlerin bir koleksiyonunu tanÄ±mlamak iÃ§in kullanÄ±lan bir veri tÃ¼rÃ¼dÃ¼r. KÄ±saca enums, sabit deÄŸerleri tanÄ±mlamanÄ±n bir yoludur. Enumlar, belirli durumlarÄ± veya deÄŸerleri temsil etmek iÃ§in kullanÄ±lÄ±r ve kodun daha anlaÅŸÄ±lÄ±r ve bakÄ±mÄ± kolay hale gelmesini saÄŸlar. EnumlarÄ± ve bunlarÄ±n nasÄ±l kullanÄ±lacaÄŸÄ±nÄ± anlamak, kodun daha kolay dÃ¼zenlenmesini saÄŸlar."
Frontend,Teknik Yetenekler,TypeScript,"""declare"" anahtar kelimesi ne zaman kullanÄ±lÄ±r?","TypeScript projesinin iÃ§inde bildirimleri olmayan bir JavaScript kÃ¼tÃ¼phanesi kullanÄ±rken â€œdeclareâ€ anahtar kelimesi kullanÄ±lÄ±r."
Frontend,Teknik Yetenekler,TypeScript,"TypeScript'te nesneler nasÄ±l oluÅŸturulur?","Nesneler, anahtar ve deÄŸer koleksiyonlarÄ±dÄ±r. Nesneler, anahtar-deÄŸer Ã§iftleri olarak tanÄ±mlanan veri yapÄ±larÄ±dÄ±r ve farklÄ± veri tiplerini iÃ§erebilirler. TypeScript'te, bir nesne tÃ¼rÃ¼, herhangi bir deÄŸeri ifade eder. Ã–zellikleri ve tÃ¼rlerini basitÃ§e listeleyerek tanÄ±mlanabilir."
Backend,Teknik Yetenekler,Python,"Python programlama dilinin bazÄ± Ã¶zelliklerini kÄ±saca aÃ§Ä±klayÄ±nÄ±z.","Python; genel amaÃ§lÄ±, Ã¼st dÃ¼zey, yorumlanmÄ±ÅŸ bir dildir. DiÄŸer dillere gÃ¶re daha az sÃ¶zdizimsel yapÄ±ya sahiptir."
Backend,Teknik Yetenekler,Python,"Python'un Ã¶ne Ã§Ä±kan Ã¶zellikleri nelerdir?","YapÄ±landÄ±rÄ±lmÄ±ÅŸ programlamayÄ± destekler. Ãœst dÃ¼zey dinamik veri tÃ¼rlerini destekler. Dinamik veri tÃ¼rlerinin kontrol edilmesini saÄŸlar. Java, COBRA, C, C++, ActiveX ve COM ile birlikte kullanÄ±lmaya olanak tanÄ±r."
Backend,Teknik Yetenekler,Python,"Pythonpath nedir?","Pythonpath, Python yorumlayÄ±cÄ±sÄ±na programa alÄ±nabilecek modÃ¼l dosyalarÄ±nÄ± bulmasÄ±nÄ± sÃ¶yler. Pythonpath Ã¶nceden ayarlanabilir."
Backend,Teknik Yetenekler,Python,"Python'da desteklenen veri tÃ¼rleri nelerdir?","Lists Numbers Strings Dictionaries Tuples"
Backend,Teknik Yetenekler,Python,"Pozitif ve negatif indeksler nelerdir?","Arama, soldan saÄŸa doÄŸru baÅŸladÄ±ÄŸÄ±nda pozitif indeksler uygulanÄ±r. Arama, saÄŸdan sola doÄŸru baÅŸladÄ±ÄŸÄ±nda negatif indeksler uygulanÄ±r. Ã–rneÄŸin, n bÃ¼yÃ¼klÃ¼ÄŸÃ¼ndeki dizi listesinde pozitif indeks, ilk indeks 0'dÄ±r. Ä°lk indeksten sonra 1 gelir ve son indeks n-1'e kadardÄ±r."
Backend,Teknik Yetenekler,Python,"Python'un dezavantajlarÄ± nelerdir?","Pythonâ€™da tasarÄ±m kÄ±sÄ±tlamalarÄ± vardÄ±r. Python; C, C++ ve Javaâ€™ya gÃ¶re daha yavaÅŸtÄ±r. Veri tabanÄ± eriÅŸim katmanÄ± daha az geliÅŸmiÅŸtir."
Backend,Teknik Yetenekler,Python,"Python'da bir listeyi tersine Ã§evirebilir miyiz?","Evet, bu mÃ¼mkÃ¼n. reverse() yÃ¶ntemini kullanarak Python'da bir listeyi tersine Ã§evirebiliriz."
Backend,Teknik Yetenekler,Python,"Python'da bir dosya nasÄ±l silinir?","Pythonâ€™da bir dosya ÅŸu komutlardan biriyle silinebilir: os.remove(filename) veya os.unlink(filename)"
Backend,Teknik Yetenekler,Python,"Python en Ã§ok ne iÃ§in kullanÄ±lÄ±r?","Python, web uygulamalarÄ± iÃ§in bir komut dosyasÄ± dili kullanÄ±r. Pythonâ€™un kullanÄ±mÄ±nÄ±n yaygÄ±n olduÄŸu alan ise yazÄ±lÄ±m uygulamalarÄ±, iÅŸletim sistemleri, web tarayÄ±cÄ±sÄ±ndaki sayfalar ve bazÄ± oyunlardÄ±r."
Backend,Teknik Yetenekler,Python,"Python bÃ¼yÃ¼k/kÃ¼Ã§Ã¼k harfe duyarlÄ± mÄ±?","Evet, Python bÃ¼yÃ¼k/kÃ¼Ã§Ã¼k harfe duyarlÄ± bir programlama dilidir."
Backend,Teknik Yetenekler,Python,"Python'da birden Ã§ok kod satÄ±rÄ±na yorum nasÄ±l yapÄ±lÄ±r?","Python'da yorum yapabilmek iÃ§in yorumun Ã¶nÃ¼ne # karakterini koymanÄ±z gerekir. Birden fazla satÄ±ra yorum yapmak iÃ§in de Ctrl tuÅŸuna basÄ±p bu yorumun yapÄ±ldÄ±ÄŸÄ± tÃ¼m satÄ±rlara sol tÄ±klamanÄ±z gerekir. BÃ¶ylece birden Ã§ok kod satÄ±rÄ±na yorum yapabilirsiniz."
Backend,Teknik Yetenekler,Python,"Pythonâ€™da // operatÃ¶rÃ¼ nedir?","Python'da // operatÃ¶rÃ¼, ""floor division"" olarak adlandÄ±rÄ±lan bir bÃ¶lme iÅŸlemi yapar. Bu operatÃ¶r, bÃ¶lme iÅŸlemini gerÃ§ekleÅŸtirirken sonucu aÅŸaÄŸÄ±ya yuvarlar ve bÃ¶lÃ¼mÃ¼n tam sayÄ± sonucunu verir."
Backend,Teknik Yetenekler,Python,"Python'da kullanÄ±lan aritmetik operatÃ¶rler nelerdir?","Python aritmetik operatÃ¶rler toplama (+), Ã§Ä±karma (-), Ã§arpma (*), bÃ¶lme (/), Ã¼s alma (**), tam bÃ¶lme (//) ve mod alma (%) gibi temel matematiksel iÅŸlemleri gerÃ§ekleÅŸtirmek iÃ§in kullanÄ±lÄ±r."
Backend,Teknik Yetenekler,Python,"Python'da karÅŸÄ±laÅŸtÄ±rma operatÃ¶rleri nelerdir?","Python'da karÅŸÄ±laÅŸtÄ±rma operatÃ¶rleri ÅŸunlardÄ±r: == (eÅŸit), != (eÅŸit deÄŸil), > (bÃ¼yÃ¼k), < (kÃ¼Ã§Ã¼k), >= (bÃ¼yÃ¼k eÅŸit), <= (kÃ¼Ã§Ã¼k eÅŸit)."
Backend,Teknik Yetenekler,Python,"Pythonâ€™da != operatÃ¶rÃ¼ ne anlama gelir ve nedir?","Pythonâ€™da != operatÃ¶rÃ¼, iki deÄŸerin eÅŸit olup olmadÄ±ÄŸÄ±nÄ± kontrol etmek iÃ§in kullanÄ±lÄ±r. EÄŸer iki deÄŸer eÅŸit deÄŸilse, bu operatÃ¶r True (doÄŸru) deÄŸerini dÃ¶ndÃ¼rÃ¼r; eÄŸer iki deÄŸer eÅŸitse False (yanlÄ±ÅŸ) deÄŸerini dÃ¶ndÃ¼rÃ¼r."
Backend,Teknik Yetenekler,Python,"Pythonâ€™da += ne iÅŸe yarar?","+= bir atama operatÃ¶rÃ¼dÃ¼r. Python'da += operatÃ¶rÃ¼, bir deÄŸiÅŸkenin deÄŸerini belirli bir miktarla artÄ±rmak iÃ§in kullanÄ±lÄ±r. Bu operatÃ¶r, varolan bir deÄŸeri alÄ±p Ã¼zerine belirli bir deÄŸeri ekler ve sonucu tekrar aynÄ± deÄŸiÅŸkene atar."
Backend,Teknik Yetenekler,Python,"Python tuple komutu nedir?","Tuple, birden Ã§ok Ã¶ÄŸeyi tek bir deÄŸiÅŸkende depolamak iÃ§in kullanÄ±lÄ±r. Tuple, Python'da veri koleksiyonlarÄ±nÄ± depolamak iÃ§in kullanÄ±lan 4 yerleÅŸik veri tÃ¼rÃ¼nden biridir. DiÄŸer veri tÃ¼rleri List, Set ve Dictionaryâ€™dir. Tuple, sÄ±ralÄ± ve deÄŸiÅŸtirilemez bir koleksiyondur ve yuvarlak parantezlerle yazÄ±lÄ±r."
Backend,Teknik Yetenekler,Python,"Pythonâ€™da liste ve tuple arasÄ±ndaki fark nedir?","Listeler dÃ¼zenlenebilirken, tuple'lar deÄŸiÅŸmezdir. Listeler tuple'lardan daha yavaÅŸtÄ±r. Listeler kÃ¶ÅŸeli parantez [] iÃ§inde tanÄ±mlanÄ±rken, tuple'lar normal parantez () iÃ§inde tanÄ±mlanÄ±r."
Backend,Teknik Yetenekler,Python,"Python ne tÃ¼r bir dildir? Programlama mÄ± yoksa komut dosyasÄ± mÄ±?","Python, genel amaÃ§lÄ± bir programlama dilidir. Bir komut dosyasÄ± dili olarak kullanÄ±labilirken, aynÄ± zamanda geniÅŸ bir uygulama yelpazesini destekleyen tam teÅŸekkÃ¼llÃ¼ bir programlama dilidir."
Backend,Teknik Yetenekler,Python,"Pep 8 nedir?","PEP 8, Python kodunu daha okunabilir yazmak iÃ§in Ã§eÅŸitli yÃ¶nergeler iÃ§eren Python GeliÅŸtirme Ã–nerileri'nin bir parÃ§asÄ±dÄ±r. Kodun okunabilirliÄŸini ve tutarlÄ±lÄ±ÄŸÄ±nÄ± artÄ±rmayÄ± amaÃ§lar."
Backend,Teknik Yetenekler,Python,"Python namespaces nedir?","Python'da namespaces, deÄŸiÅŸkenlerin, fonksiyonlarÄ±n, sÄ±nÄ±flarÄ±n ve diÄŸer nesnelerin isimlerinin saklandÄ±ÄŸÄ± bir alanÄ± ifade eder. Python'da yerleÅŸik, genel, Ã§evreleyen ve yerel olmak Ã¼zere dÃ¶rt tÃ¼r namespaces vardÄ±r."
Backend,Teknik Yetenekler,Python,"Python'da dekoratÃ¶rler nelerdir?","DekoratÃ¶rler, bir fonksiyonun bazÄ± tasarÄ±m desenlerini yapÄ±sÄ±nÄ± deÄŸiÅŸtirmeden eklemek iÃ§in kullanÄ±lÄ±r. Python'da dekoratÃ¶rler, diÄŸer fonksiyonlarÄ± veya metotlarÄ± alarak ve genellikle onlarÄ± sarmalayarak Ã§alÄ±ÅŸÄ±r."
Backend,Teknik Yetenekler,Python,"Dict (SÃ¶zlÃ¼k) ve List (Set) kavramlarÄ± nelerdir?","Dict (sÃ¶zlÃ¼k), anahtar-deÄŸer Ã§iftleri halinde verileri saklamak iÃ§in kullanÄ±lan bir veri yapÄ±sÄ±dÄ±r. Listeler, sÄ±ralÄ± ve deÄŸiÅŸtirilebilir veri koleksiyonlarÄ±dÄ±r. Set'ler, benzersiz ve deÄŸiÅŸtirilebilir elemanlarÄ± iÃ§eren bir koleksiyon tipidir."
Backend,Teknik Yetenekler,Python,"py ve .pyc dosyalarÄ± arasÄ±ndaki fark nedir?",".py uzantÄ±lÄ± dosyalar, Python kaynak kodunu iÃ§erir ve yÃ¼rÃ¼tÃ¼lebilir dosyalarÄ± temsil eder. .pyc uzantÄ±lÄ± dosyalar ise .py dosyalarÄ±nÄ±n derlenmiÅŸ sÃ¼rÃ¼mleridir ve Python yorumlayÄ±cÄ±sÄ±nÄ±n hÄ±zÄ±nÄ± artÄ±rÄ±r."
Backend,Teknik Yetenekler,Python,"Pythonâ€™da dilimleme (slicing) nedir?","Dilimleme (slicing), listeler, demetler ve dizeler gibi veri yapÄ±larÄ±nÄ±n belli bir aralÄ±ÄŸÄ±na veya dilimine eriÅŸmek iÃ§in kullanÄ±lan bir iÅŸlemdir. Dilimleme, veri yapÄ±larÄ±ndan belirli parÃ§alarÄ± almak iÃ§in kullanÄ±lÄ±r."
Backend,Teknik Yetenekler,Python,"Python modÃ¼lleri nelerdir?","Python modÃ¼lleri, Python kodunu iÃ§eren dosyalardÄ±r ve kodun iÅŸlevlerini, sÄ±nÄ±flarÄ±nÄ± ve deÄŸiÅŸkenlerini iÃ§erir. Python'da yerleÅŸik modÃ¼ller ve kullanÄ±cÄ± tanÄ±mlÄ± modÃ¼ller olmak Ã¼zere iki tÃ¼r modÃ¼l vardÄ±r."
Backend,Teknik Yetenekler,Python,"Python'daki Local (yerel) deÄŸiÅŸkenler ve genel deÄŸiÅŸkenler(variables) nelerdir?","Genel deÄŸiÅŸkenler, Python programÄ±nÄ±n herhangi bir yerinde tanÄ±mlanan ve tÃ¼m programÄ±n kapsamÄ±nda geÃ§erli olan deÄŸiÅŸkenlerdir. Yerel deÄŸiÅŸkenler ise bir fonksiyon iÃ§inde tanÄ±mlanan ve sadece o fonksiyonun kapsamÄ±nda geÃ§erli olan deÄŸiÅŸkenlerdir."
Backend,Teknik Yetenekler,Python,"Python'da tÃ¼r dÃ¶nÃ¼ÅŸtÃ¼rme nedir?","Python'da tÃ¼r dÃ¶nÃ¼ÅŸtÃ¼rme, bir veri tÃ¼rÃ¼nÃ¼n baÅŸka bir veri tÃ¼rÃ¼ne dÃ¶nÃ¼ÅŸtÃ¼rÃ¼lmesini ifade eder. Ã–rneÄŸin, int() fonksiyonu bir deÄŸeri tam sayÄ±ya dÃ¶nÃ¼ÅŸtÃ¼rÃ¼rken, str() fonksiyonu bir deÄŸeri dizeye dÃ¶nÃ¼ÅŸtÃ¼rÃ¼r."
Backend,Teknik Yetenekler,Python,"Python diziler (Arrays) ve listeler arasÄ±ndaki fark nedir?","Python'da diziler ve listeler aynÄ± veri depolama yÃ¶ntemini kullanÄ±r, ancak diziler yalnÄ±zca tek bir veri tÃ¼rÃ¼ Ã¶ÄŸesini barÄ±ndÄ±rabilirken, listeler herhangi bir veri tÃ¼rÃ¼ Ã¶ÄŸesini barÄ±ndÄ±rabilir."
Backend,Teknik Yetenekler,Python,"Python'da fonksiyonlar nelerdir?","Python'da fonksiyonlar, kodun belirli bir iÅŸlevi yerine getirmesi iÃ§in kullanÄ±lan bloklardÄ±r. Fonksiyonlar, belirli bir iÅŸlevi yerine getirmek iÃ§in bir araya getirilmiÅŸ kod parÃ§alarÄ±dÄ±r ve def anahtar kelimesiyle tanÄ±mlanÄ±r."
Backend,Teknik Yetenekler,Python,"Pythonâ€™da fonksiyon nasÄ±l Ã§aÄŸÄ±rÄ±lÄ±r?","Ä°ÅŸlev adÄ± ve parantez kullanÄ±larak Python fonksiyonlarÄ± Ã§aÄŸÄ±rÄ±lÄ±r."
Backend,Teknik Yetenekler,Python,"Python da kaÃ§ tane fonksiyon var?","Python'da iki tÃ¼r fonksiyon vardÄ±r: 1. Standart kitaplÄ±k iÅŸlevleri - Bunlar Python'da kullanÄ±labilen hazÄ±r iÅŸlevlerdir. 2. KullanÄ±cÄ± tanÄ±mlÄ± iÅŸlevler - KullanÄ±cÄ±n gereksinimlerine gÃ¶re kendi iÅŸlevlerini oluÅŸturan fonksiyonlardÄ±r."
Backend,Teknik Yetenekler,Python,"__init__ nedir? __init__ Pythonâ€™da ne iÅŸe yarar?","__init__, Python'da yeni bir nesne/sÄ±nÄ±f Ã¶rneÄŸi oluÅŸturulduÄŸunda belleÄŸi ayÄ±rmak iÃ§in otomatik olarak Ã§aÄŸrÄ±lan bir yÃ¶ntem veya yapÄ±cÄ±dÄ±r. TÃ¼m sÄ±nÄ±flar __init__ yÃ¶ntemine sahiptir."
Backend,Teknik Yetenekler,Python,"Pythonâ€™da Lamda fonksiyonunu nedir?","Pythonâ€™da Lambda anonim iÅŸlevleri tanÄ±mlamak iÃ§in kullanÄ±lan bir anahtar kelimedir. Bir lambda iÅŸlevi, elde etmek istenilen ÅŸeye baÄŸlÄ± olarak birden Ã§ok deÄŸiÅŸkene sahip olabilir."
Backend,Teknik Yetenekler,Python,"Python'da self nedir?","Self, bir sÄ±nÄ±fÄ±n Ã¶rneÄŸi veya nesnesidir. Bu anahtar kelime, Python'da tanÄ±mlÄ± bir sÄ±nÄ±fÄ±n deÄŸiÅŸkenlerine, niteliklerine ve yÃ¶ntemlerine eriÅŸmeyi saÄŸlar."
Backend,Teknik Yetenekler,Python,"Pythonâ€™da break, continue and pass nedir?","Break - BazÄ± koÅŸullar karÅŸÄ±landÄ±ÄŸÄ±nda ve kontrol bir sonraki ifadeye aktarÄ±ldÄ±ÄŸÄ±nda dÃ¶ngÃ¼ sonlandÄ±rÄ±lmasÄ±na izin verir. Continue - Belirli bir koÅŸul karÅŸÄ±landÄ±ÄŸÄ±nda ve kontrol dÃ¶ngÃ¼nÃ¼n baÅŸÄ±na aktarÄ±ldÄ±ÄŸÄ±nda dÃ¶ngÃ¼nÃ¼n bir kÄ±smÄ±nÄ±n atlanmasÄ±na izin verir. Pass - SÃ¶zdizimsel olarak bir kod bloÄŸuna ihtiyacÄ±nÄ±z olduÄŸunda, ancak yÃ¼rÃ¼tmesini atlamak istediÄŸinizde kullanÄ±lÄ±r."
Backend,Teknik Yetenekler,Python,"[::-1} ne yapar?","[::-1] bir dizi veya dizinin sÄ±rasÄ±nÄ± tersine Ã§evirmek iÃ§in kullanÄ±lÄ±r."
Backend,Teknik Yetenekler,Python,"Python'da yorum nasÄ±l yapÄ±lÄ±r?","Python'da yorumlar # karakteri ile baÅŸlar. Bazen, aÃ§Ä±klama, dokÃ¼man dizileri (Ã¼Ã§lÃ¼ tÄ±rnak iÃ§ine alÄ±nmÄ±ÅŸ dizeler) kullanÄ±larak yapÄ±lÄ±r."
Backend,Teknik Yetenekler,Python,"Dizenin ilk harfi nasÄ±l bÃ¼yÃ¼k yazÄ±lÄ±r?","Python'da, capitalize() yÃ¶ntemi kullanÄ±larak bir dizenin ilk harfini bÃ¼yÃ¼k yazÄ±labilir."
Backend,Teknik Yetenekler,Python,"Pythonâ€™da bir dize tamamen kÃ¼Ã§Ã¼k harfe nasÄ±l dÃ¶nÃ¼ÅŸtÃ¼rÃ¼lÃ¼r?","Bir dizeyi kÃ¼Ã§Ã¼k harfe Ã§evirmek iÃ§in lower() fonksiyonu kullanÄ±labilir."
Backend,Teknik Yetenekler,Python,"help() ve dir() iÅŸlevinin kullanÄ±mÄ± nedir?","help() iÅŸlevi, belge dizisini gÃ¶rÃ¼ntÃ¼lemek iÃ§in kullanÄ±lÄ±r. Dir() iÅŸlevi, tanÄ±mlanan sembolleri gÃ¶rÃ¼ntÃ¼lemek iÃ§in kullanÄ±lÄ±r. Nesnelerin Ã¶zellikleri hakkÄ±nda bilgi edinmeyi kolaylaÅŸtÄ±rÄ±r."
Backend,Teknik Yetenekler,Python,"len() ne yapar?","len() fonksiyonu, Ä°ngilizce length in (uzunluk) kÄ±saltÄ±lmÄ±ÅŸ halidir. String ifadesinin uzunluÄŸunu yani karakter sayÄ±sÄ±nÄ± verir. Bir dizenin, listenin uzunluÄŸunu belirlemek iÃ§in kullanÄ±lÄ±r."
Backend,Teknik Yetenekler,Python,"Python'da dosyalar nasÄ±l silinebilir?","Python'da bir dosyayÄ± silmek iÃ§in OS modÃ¼lÃ¼nÃ¼n iÃ§e aktarÄ±lmasÄ± gerekir. os.remove() iÅŸlevini kullanÄ±lÄ±r."
Backend,Teknik Yetenekler,Python,"Bir Python dizisine deÄŸerler/elemanlar nasÄ±l eklenir?","Bir Python dizisine elemanlar, append(), extend() ve insert (i,x) iÅŸlevleri kullanÄ±larak eklenebilir."
Backend,Teknik Yetenekler,Python,"Bir Python dizisinden deÄŸerler/elemanlar nasÄ±l kaldÄ±rÄ±lÄ±r?","Dizi Ã¶ÄŸeleri, pop() veya remove() iÅŸlevleri kullanÄ±larak kaldÄ±rÄ±labilir. pop() iÅŸlevi silinen deÄŸeri dÃ¶ndÃ¼rÃ¼r. remove() iÅŸlevi silinen deÄŸeri dÃ¶ndÃ¼rmez."
Backend,Teknik Yetenekler,Python,"Pyhon split metodu nedir, nasÄ±l kullanÄ±lÄ±r?","split() yÃ¶ntemi, Python'da belirli bir string'i ayÄ±rmak iÃ§in kullanÄ±lÄ±r."
Backend,Teknik Yetenekler,Python,"Python'da sÄ±nÄ±flar nasÄ±l oluÅŸturulur?","Python'da sÄ±nÄ±f, â€œclassâ€ anahtar kelimesi kullanÄ±larak oluÅŸturulur."
Backend,Teknik Yetenekler,Python,"Python'da monkey patching nedir?","Python'da monkey patching, Ã§alÄ±ÅŸma zamanÄ±nda bir kod veya sÄ±nÄ±f parÃ§asÄ±nÄ±n veya herhangi bir modÃ¼lÃ¼n deÄŸiÅŸtirilmesi anlamÄ±na gelir. Daha basit bir ifadeyle, monkey patching ile tÃ¼m Python kodunu deÄŸiÅŸtirmeden Ã§alÄ±ÅŸma zamanÄ±nda bir sÄ±nÄ±fÄ±n/modÃ¼lÃ¼n davranÄ±ÅŸÄ±nÄ± veya Ã§alÄ±ÅŸmasÄ±nÄ± deÄŸiÅŸtirebiliriz."
Backend,Teknik Yetenekler,Python,"Python'da boÅŸ bir sÄ±nÄ±f nasÄ±l oluÅŸturulur?","Pythonâ€™da boÅŸ bir sÄ±nÄ±f, bloÄŸunda tanÄ±mlanmÄ±ÅŸ herhangi bir kodu olmayan bir sÄ±nÄ±ftÄ±r. â€œpassâ€ anahtar sÃ¶zcÃ¼ÄŸÃ¼ kullanÄ±larak oluÅŸturulur."
Backend,Teknik Yetenekler,Java,"Java nedir?","Java; geniÅŸ kapsamlÄ±, nesne-yÃ¶nelimli, platformdan baÄŸÄ±msÄ±z bir programlama dilidir. Java, web uygulamalarÄ±, mobil uygulamalar, masaÃ¼stÃ¼ uygulamalar, oyunlar veya herhangi bir diÄŸer yazÄ±lÄ±m iÃ§in kullanÄ±labilir. Java, kodun bir kez yazÄ±lmasÄ± sonucu birden fazla platformda Ã§alÄ±ÅŸmasÄ±nÄ± saÄŸlar. Java Virtual Machine (JVM) adlÄ± bir makine tarafÄ±ndan yÃ¼rÃ¼tÃ¼lÃ¼r ve Java kodunun herhangi bir platformda Ã§alÄ±ÅŸmasÄ±nÄ± saÄŸlar. Java ayrÄ±ca, birÃ§ok aÃ§Ä±k kaynak kÃ¼tÃ¼phanesi ve araÃ§larÄ± iÃ§erir."
Backend,Teknik Yetenekler,Java,"Java programlama dilinin Ã¶zellikleri nelerdir?","Nesne yÃ¶nelimli: Java, nesne-yÃ¶nelimli bir programlama dilidir. Platformdan baÄŸÄ±msÄ±z: Java, bir kez yazÄ±lÄ±r ve farklÄ± platformda Ã§alÄ±ÅŸabilir. BirÃ§ok farklÄ± iÅŸletim sistemini destekler. Otomatik bellek yÃ¶netimi: Java, bellek yÃ¶netimini otomatik olarak gerÃ§ekleÅŸtirerek, programcÄ±nÄ±n bellek yÃ¶netimiyle ilgilenmesini ortadan kaldÄ±rÄ±r. GÃ¼venli: Java, oldukÃ§a gÃ¼venlidir. Kodun gÃ¼venliÄŸini saÄŸlar. AÃ§Ä±k kaynak: Java, aÃ§Ä±k kaynak bir programlama dilidir. Ä°steyen herkes Javaâ€™yÄ± kullanabilir. KullanÄ±cÄ±larÄ±n kodlarÄ±nÄ± deÄŸiÅŸtirmesine veya kullanmasÄ±na izin verir. Multithreading: Java, birden fazla iÅŸ parÃ§acÄ±ÄŸÄ±nÄ± (thread) destekler ve aynÄ± anda birden fazla iÅŸlemi gerÃ§ekleÅŸtirmek iÃ§in kullanÄ±r. Dinamik: Java, dinamik olarak baÄŸlantÄ± kurar. GeniÅŸ kapsamlÄ±: Java, geniÅŸ kapsamlÄ± bir programlama dilidir. BirÃ§ok farklÄ± alanda kullanÄ±labilir ve farklÄ± tÃ¼rde yazÄ±lÄ±m geliÅŸtirmek iÃ§in kullanÄ±lÄ±r. BÃ¼yÃ¼k kullanÄ±cÄ± topluluÄŸu: Javaâ€™nÄ±n geniÅŸ bir kullanÄ±cÄ± ekosistemi bulunur. AyrÄ±ca, bÃ¼yÃ¼k kullanÄ±cÄ± topluluÄŸu vardÄ±r. Bu topluluk ile Java geliÅŸtiricileri birbirlerinden yardÄ±m alabilir."
Backend,Teknik Yetenekler,Java,"Java Sanal Makinesi nedir?","Java Sanal Makinesi (JVM), Java programlarÄ±nÄ±n Ã§alÄ±ÅŸtÄ±rÄ±lmasÄ± iÃ§in gerekli olan bir yazÄ±lÄ±mdÄ±r. Bytecode adÄ± verilen kodu yorumlar ve istenen Ã§Ä±ktÄ±yÄ± Ã¼retir. Java kodunun iÅŸletim sistemi tarafÄ±ndan anlaÅŸÄ±lmasÄ±nÄ± saÄŸlar. JVM, aynÄ± zamanda bellek yÃ¶netimini, gÃ¼venliÄŸi ve hata ayÄ±klamayÄ± gerÃ§ekleÅŸtirir."
Backend,Teknik Yetenekler,Java,"Java, yÃ¼ksek performansÄ± nasÄ±l saÄŸlar?","Java, yÃ¼ksek performansÄ± JVM, Multi-Threading ve JIT derleyicileri kullanarak saÄŸlar. JVM, Java bytecode adÄ± verilen kodu Ã§alÄ±ÅŸtÄ±rÄ±r ve Java kodunun iÅŸletim sistemi tarafÄ±ndan anlaÅŸÄ±lmasÄ±nÄ± saÄŸlar. Multi-Threading ise Java, Ã§oklu iÅŸ parÃ§acÄ±ÄŸÄ± desteÄŸi sunar. Bu, birden fazla iÅŸlemi aynÄ± anda yÃ¼rÃ¼tÃ¼lmesini saÄŸlar. JIT derleyici, Java programlarÄ±nÄ±n performansÄ±nÄ± arttÄ±rmak iÃ§in kullanÄ±lÄ±r. AyrÄ±ca Java optimize edilmiÅŸ kÃ¼tÃ¼phaneler sunar. Bu optimize edilmiÅŸ kÃ¼tÃ¼phaneler, yaygÄ±n olarak kullanÄ±lan iÅŸlemleri hÄ±zlandÄ±rÄ±r. BÃ¶ylece, Java yÃ¼ksek performans saÄŸlar."
Backend,Teknik Yetenekler,Java,"Javaâ€™da pointerlar neden kullanÄ±lmaz?","Pointerlar programlama dillerinde yaygÄ±n olarak kullanÄ±lan bellek yÃ¶netimine iliÅŸkin sorunlarÄ±n kaynaÄŸÄ±dÄ±r. Pointerlar, bellekteki veriye eriÅŸmek iÃ§in kullanÄ±lÄ±rlar ve bu veriye eriÅŸim sÄ±rasÄ±nda yanlÄ±ÅŸ yapÄ±landÄ±rmalar sonucu bellekle ilgili sorunlar ortaya Ã§Ä±kabilir."
Backend,Teknik Yetenekler,Java,"JIT derleyicisi nedir?","JIT derleyicisi, kodun daha hÄ±zlÄ± bir biÃ§imde derlenmesini saÄŸlayan bir derleyicidir."
Backend,Teknik Yetenekler,Java,"Classloader nedir?","Java ClassLoader, Java Virtual Machine (JVM) tarafÄ±ndan kullanÄ±lan bir sistemdir. Bu sistem, Java programlarÄ±nÄ±n ihtiyaÃ§ duyduÄŸu sÄ±nÄ±flarÄ± yÃ¼klemekte ve Ã§alÄ±ÅŸtÄ±rmakta kullanÄ±lÄ±r. Javaâ€™da Bootstrap ClassLoader, Extension ClassLoader ve Sistem / Uygulama ClassLoader olmak Ã¼zere Ã¼Ã§ sÄ±nÄ±f yÃ¼kleyici vardÄ±r."
Backend,Teknik Yetenekler,Java,"JVM, JRE ve JDK arasÄ±ndaki farklar nelerdir?","JVM tam aÃ§Ä±lÄ±mÄ±yla Java Virtual Machine, Java kodunu platformdan baÄŸÄ±msÄ±z hale getirir ve tÃ¼m iÅŸletim sistemlerinde ve platformlarda Ã§alÄ±ÅŸmasÄ±nÄ± saÄŸlar. JRE tam aÃ§Ä±lÄ±mÄ±yla Java Runtime Environment, Java programlarÄ±nÄ±n Ã§alÄ±ÅŸtÄ±rÄ±lmasÄ± iÃ§in gerekli olan bir yazÄ±lÄ±mdÄ±r. JRE, JVM dahil olmak Ã¼zere Java ile ilgili gerekli tÃ¼m dosyalarÄ± iÃ§erir. JDK tam aÃ§Ä±lÄ±mÄ±yla Java Development Kit, Java programlarÄ±nÄ±n geliÅŸtirilmesi iÃ§in gerekli olan bir yazÄ±lÄ±mdÄ±r. JDK, Java programlarÄ±nÄ±n geliÅŸtirilmesi iÃ§in gereken tÃ¼m araÃ§larÄ±, kÃ¼tÃ¼phaneleri, derleyicileri ve debugglerlarÄ± iÃ§erir."
Backend,Teknik Yetenekler,Java,"Java, platformdan baÄŸÄ±msÄ±z bir dil midir?","Evet, Java platformdan baÄŸÄ±msÄ±z bir dildir. Java, derleyici tarafÄ±ndan derlenir ve daha sonra bayt koduna dÃ¶nÃ¼ÅŸtÃ¼rÃ¼lÃ¼r. Bu nedenle, herhangi bir donanÄ±ma veya yazÄ±lÄ±ma baÄŸlÄ± deÄŸildir. Bayt kodu da platformdan baÄŸÄ±msÄ±zdÄ±r. Java kodlarÄ±, JVM tarafÄ±ndan Ã§alÄ±ÅŸtÄ±rÄ±lÄ±r. JVM, Java bytecode adÄ± verilen kodu iÅŸletim sistemi tarafÄ±ndan anlaÅŸÄ±labilir bir formata dÃ¶nÃ¼ÅŸtÃ¼rÃ¼r ve Ã§alÄ±ÅŸtÄ±rÄ±r. Bu, Java kodlarÄ±nÄ±n farklÄ± iÅŸletim sistemlerinde ve platformlarda Ã§alÄ±ÅŸmasÄ±nÄ± saÄŸlar."
Backend,Teknik Yetenekler,Java,"Typecasting'i aÃ§Ä±klayÄ±n ve kod Ã¶rneÄŸi gÃ¶sterin.","Typecasting, bir veri tipindeki deÄŸiÅŸkeni baÅŸka bir veri tipindeki deÄŸiÅŸkene atama/dÃ¶nÃ¼ÅŸtÃ¼rme iÅŸlemine denir. Ã–rtÃ¼lÃ¼ ve aÃ§Ä±k olmak Ã¼zere iki tip veri tÃ¼rÃ¼ vardÄ±r. Typecasting iÅŸlemi, genellikle programcÄ± tarafÄ±ndan yapÄ±lÄ±r. Ã–rneÄŸin, Java'da, bir int deÄŸeri bir float deÄŸerine dÃ¶nÃ¼ÅŸtÃ¼rmek iÃ§in (int) ifadesi kullanÄ±lÄ±r."
Backend,Teknik Yetenekler,Java,"Nesne nedir?","Bir sÄ±nÄ±f tanÄ±mlandÄ±ktan sonra yeni bir veri tipi oluÅŸturulmuÅŸ olunur. Javaâ€™da oluÅŸturulan bu yeni veri tipine ait deÄŸiÅŸkene nesne (object) adÄ± verilir. Bir Java nesnesinin iki Ã¶nemli Ã¶zelliÄŸi davranÄ±ÅŸ ve durumdur. JVM yeni anahtar sÃ¶zcÃ¼kle karÅŸÄ±laÅŸtÄ±ÄŸÄ± anda bir nesne oluÅŸturur."
Backend,Teknik Yetenekler,Java,"Java'da sÄ±nÄ±flarÄ± tanÄ±mlayÄ±n.","Benzer veri tÃ¼rlerine sahip nesnelerin oluÅŸturduÄŸu koleksiyona sÄ±nÄ±f denir. Java'da sÄ±nÄ±flar, programlama dillerinde genellikle kullanÄ±lan bir kavramdÄ±r. AslÄ±nda sÄ±nÄ±f, nesnenin tasarÄ±mÄ±nÄ± ve davranÄ±ÅŸÄ±nÄ± tanÄ±mlar. SÄ±nÄ±flar, veri ve metodlar iÃ§erir. Java'da sÄ±nÄ±f tanÄ±mlamak iÃ§in ""class"" anahtar kelimesi kullanÄ±lÄ±r."
Backend,Teknik Yetenekler,Java,"Statik yÃ¶ntemler ve deÄŸiÅŸkenler nelerdir?","Bir sÄ±nÄ±fÄ±n deÄŸiÅŸkenleri bildiren ve yÃ¶ntemleri bildiren iki unsuru vardÄ±r. Java'da statik yÃ¶ntemler ve deÄŸiÅŸkenler, bir sÄ±nÄ±fÄ±n nesnelerinin oluÅŸturulduÄŸu zaman yerleÅŸtirilen deÄŸil, sÄ±nÄ±f yÃ¼klendiÄŸi zaman yerleÅŸtirilen metodlar ve deÄŸiÅŸkenlerdir."
Backend,Teknik Yetenekler,Java,"Java constructors nedir?","Java constructors bir diÄŸer adÄ±yla yapÄ±cÄ±, nesneleri baÅŸlatmak iÃ§in kullanÄ±lan kod bloÄŸunu ifade eder. Constructors, sÄ±nÄ±fÄ±n adÄ± ile aynÄ± olmalÄ±dÄ±r. Bir nesne veya sÄ±nÄ±f oluÅŸturulduÄŸunda otomatik olarak oluÅŸturulur. ""new"" anahtar kelimesiyle birlikte Ã§alÄ±ÅŸÄ±r. Bir constructors tanÄ±mlarken ÅŸu kurallara dikkat etmek Ã¶nemlidir: OluÅŸturucunun adÄ± sÄ±nÄ±fÄ±n adÄ± ile aynÄ± olmalÄ±dÄ±r. OluÅŸturucu bir dÃ¶nÃ¼ÅŸ tÃ¼rÃ¼ne sahip olmamalÄ±dÄ±r. EÄŸer sÄ±nÄ±fta farklÄ± oluÅŸturucu tanÄ±mlanÄ±yorsa, parametrelerin sayÄ±sÄ± ve tipi farklÄ± olmalÄ±dÄ±r."
Backend,Teknik Yetenekler,Java,"Java singleton ne demek?","Singleton, herhangi bir zamanda tek bir JVM'de yalnÄ±zca bir Ã¶rneÄŸi oluÅŸturulabilen sÄ±nÄ±ftÄ± ifade eder. Bir sÄ±nÄ±fÄ±n yalnÄ±zca bir tek Ã¶rneÄŸinin oluÅŸturulmasÄ±nÄ± saÄŸlayan tasarÄ±m desenini olarak da ifade edilir. Bu desen, belirli bir sÄ±nÄ±fÄ±n nesnesinin yalnÄ±zca bir kez oluÅŸturulmasÄ±nÄ± ve bu Ã¶rneÄŸe tÃ¼m uygulama boyunca tek bir noktadan eriÅŸilebilmesini garanti eder."
Backend,Teknik Yetenekler,Java,"Java'da equals() ve == nedir? AralarÄ±ndaki fark nedir?","Javaâ€™da nesnelerin eÅŸitliklerini karÅŸÄ±laÅŸtÄ±rmak iÃ§in equals() ve == operatÃ¶rleri kullanÄ±lÄ±r. Equals() operatÃ¶rÃ¼, iÅŸ mantÄ±ÄŸÄ± tarafÄ±ndan tanÄ±mlanan iki nesnenin eÅŸitliÄŸini kontrol etmek iÃ§in kullanÄ±lÄ±r. Equals() operatorÃ¼, Object sÄ±nÄ±fÄ±nda tanÄ±mlanÄ±r. String sÄ±nÄ±fÄ± ve bazÄ± diÄŸer sÄ±nÄ±flar, iÃ§erik karÅŸÄ±laÅŸtÄ±rmasÄ± iÃ§in ""equals()"" metodunu geÃ§ersiz kÄ±lar. Java'daki varsayÄ±lan uygulama, iki nesneyi karÅŸÄ±laÅŸtÄ±rmak iÃ§in == operatÃ¶rÃ¼nÃ¼ de kullanabilir. ""=="" operatÃ¶rÃ¼, nesnelerin referanslarÄ±nÄ± (bellek adreslerini), iki deÄŸiÅŸkenin aynÄ± bellek bÃ¶lgesini iÅŸaret edip etmediÄŸini kontrol etmeye yarayan operatÃ¶rdÃ¼r."
Backend,Teknik Yetenekler,Java,"Java sÃ¼per anahtar kelime nedir? Ne zaman kullanÄ±lÄ±r?","Java'da sÃ¼per anahtar kelime, doÄŸrudan bir Ã¼st sÄ±nÄ±f nesnesine atÄ±fta bulunan bir referans deÄŸiÅŸkenidir. Bir alt sÄ±nÄ±f Ã¶rneÄŸi oluÅŸturduÄŸunuzda, sÃ¼per anahtar kelimesi tarafÄ±ndan baÅŸvurulan Ã¼st sÄ±nÄ±fÄ±n bir Ã¶rneÄŸini de yaratmÄ±ÅŸ olursunuz. Java sÃ¼per anahtar kelimesinin kullanÄ±mlarÄ± ÅŸunlardÄ±r:1. Bir Ã¼st sÄ±nÄ±f Ã¶rnek deÄŸiÅŸkenine atÄ±fta bulunmak istendiÄŸinde kullanÄ±lÄ±r.2. SÃ¼per anahtar kelimesi, bir ana sÄ±nÄ±fÄ±n yÃ¶ntemini Ã§aÄŸÄ±rmak iÃ§in kullanÄ±lÄ±r. 3. Super(), ana sÄ±nÄ±fÄ±n yapÄ±cÄ±sÄ±nÄ± Ã§aÄŸÄ±rmak iÃ§in kullanÄ±lÄ±r."
Backend,Teknik Yetenekler,Java,"Javaâ€™da HashSet, TreeSet ve HashLinkedSet nedir?","HashSet, LinkedHashSet ve TreeSet, Javaâ€™da Set (kÃ¼me) tÃ¼rleridir. HashSet, set arabirimini uygulayan bir sÄ±nÄ±ftÄ±r ve elemanlarÄ± tekrar etmeyen bir yapÄ±da saklar. HashSet arayÃ¼zÃ¼ verilerini dÃ¼zensiz olarak sÄ±ralar. Performans olarak tasarruf etmenizi saÄŸlar. HashLinkedSet ise verileri eklenen sÄ±raya gÃ¶re dÃ¼zenli tutar. HashSet'in bir alt sÄ±nÄ±fÄ±dÄ±r. EÄŸer verilerin sÄ±rasÄ± Ã¶nemli deÄŸilse, HashLinkedSet ekstra maliyetli olacaktÄ±r. TreeSet, NavigableSet arabirimini uygulayan bir sÄ±nÄ±ftÄ±r ve elemanlarÄ± sÄ±ralÄ± bir ÅŸekilde saklar. Bu sÄ±nÄ±f, elemanlarÄ± kÄ±smi sÄ±ralama veya doÄŸal sÄ±ralama dÃ¼zenine gÃ¶re dÃ¼zenler.",
Backend,Teknik Yetenekler,Java,"HashSet, LinkedHashSet ve TreeSet ne zaman kullanÄ±lÄ±r?","HashSet'i kullanÄ±n: Ã–ÄŸeleri herhangi bir sÄ±raya gÃ¶re tutmaya gerek olmadÄ±ÄŸÄ±nda. LinkedHashSet'i kullanÄ±n: Benzersiz Ã¶ÄŸeler grubuna ihtiyaÃ§ duyulduÄŸunda ve Ã¶ÄŸelerin ekleme sÄ±rasÄ± da Ã¶nemli olduÄŸunda. TreeSet kullanÄ±n: Benzersiz Ã¶ÄŸeler/nesneler grubu gerektiÄŸinde ve bazÄ± comparatorâ€™lere gÃ¶re Ã¶ÄŸelerin sÄ±ralanmasÄ± gerektiÄŸinde.",
Backend,Teknik Yetenekler,Java,"Java reflection (yansÄ±ma) nedir?","Reflection, yÃ¶ntemlerin, sÄ±nÄ±flarÄ±n ve arabirimlerin davranÄ±ÅŸÄ±nÄ± incelemek ve deÄŸiÅŸtirmek iÃ§in kullanÄ±lan bir Ã§alÄ±ÅŸma zamanÄ± API'sidir. Java Reflection, yararlÄ± olan gÃ¼Ã§lÃ¼ bir araÃ§tÄ±r. Java Reflection, derleme zamanÄ±nda sÄ±nÄ±flarÄ±, arabirimleri, alanlarÄ± ve yÃ¶ntemleri Ã§alÄ±ÅŸma zamanÄ±nda analiz etmeye olanak tanÄ±r.",
Backend,Teknik Yetenekler,Java,"Java senkronizasyon nedir?","Java, birden Ã§ok iÅŸ parÃ§acÄ±ÄŸÄ±nÄ±n yÃ¼rÃ¼tÃ¼lmesine izin verir. Senkronizasyon, dizilerin birbiri ardÄ±na yÃ¼rÃ¼tÃ¼lmesini saÄŸlar. PaylaÅŸÄ±lan belleÄŸe eriÅŸimden kaynaklanan bellek hatalarÄ±nÄ± Ã¶nler.",
Backend,Teknik Yetenekler,Java,"Javaâ€™da Break nedir?","Java'da break ifadesi, dÃ¶ngÃ¼ iÃ§erisinde koÅŸul saÄŸlanmadan dÃ¶ngÃ¼yÃ¼ bitirmek, tekrarlÄ± yapÄ±larÄ± kontrol etmek iÃ§in kullanÄ±lan bir ifadedir. â€œfor, while, do whileâ€ gibi switch ve loop ifadelerinde kullanÄ±lÄ±r. Ã‡alÄ±ÅŸtÄ±rÄ±ldÄ±ÄŸÄ± anda switch ve loop ifadelerinin sonlanmasÄ±nÄ± saÄŸlar.",
Backend,Teknik Yetenekler,Java,"Javaâ€™da Continue nedir?","Java'da 'continue' ifadesi, dÃ¶ngÃ¼lerde veya switch-case yapÄ±larÄ±nda kullanÄ±larak, belirli bir durumu atlayarak dÃ¶ngÃ¼nÃ¼n veya yapÄ± bloklarÄ±nÄ±n devamÄ±nÄ± saÄŸlayan bir kontrol ifadesidir. YalnÄ±zca dÃ¶ngÃ¼ ifadeleriyle kullanÄ±labilir.",
Backend,Teknik Yetenekler,Java,"Java'da sonsuz dÃ¶ngÃ¼ (infinite loop) nedir?","Javaâ€™da sonsuz dÃ¶ngÃ¼ (infinite loop), bir dÃ¶ngÃ¼ veya koÅŸulun sÃ¼rekli olarak doÄŸru kalmasÄ± nedeniyle dÃ¶ngÃ¼nÃ¼n hiÃ§bir zaman sonlanmamasÄ± durumudur. Yani dÃ¶ngÃ¼, sÃ¼rekli olarak tekrar eder.",
Backend,Teknik Yetenekler,Java,"Javaâ€™da OOP (Nesne YÃ¶nelimli Programlama) Nedir?","Nesne yÃ¶nelimli programlama veya OOP, programlarÄ±n mantÄ±k ve iÅŸlevler yerine nesneler etrafÄ±nda dÃ¼zenlendiÄŸi bir programlama modeli veya yaklaÅŸÄ±mÄ±dÄ±r. OOP, mantÄ±k yerine nesnelere odaklanÄ±r. Bu yaklaÅŸÄ±m, bÃ¼yÃ¼k ve karmaÅŸÄ±k kodlarÄ±n daha dÃ¼zenli ve kolay anlaÅŸÄ±lÄ±r bir ÅŸekilde geliÅŸtirilmesini saÄŸlar.",
Backend,Teknik Yetenekler,Java,"Java'daki OOP'lerin prensipleri nelerdir?","KalÄ±tÄ±m: KalÄ±tÄ±m, bir sÄ±nÄ±fÄ±n diÄŸerinin Ã¶zelliklerini almasÄ±dÄ±r. KapsÃ¼lleme: Java'da kapsÃ¼lleme, verileri ve kodu tek bir birim olarak bir araya getirmektir. Soyutlama: Soyutlama, uygulama ayrÄ±ntÄ±larÄ±nÄ± kullanÄ±cÄ±dan gizleme ve yalnÄ±zca kullanÄ±cÄ±lara iÅŸlevsellik saÄŸlama metodolojisidir. Polimorfizm: Polimorfizm, bir deÄŸiÅŸkenin, iÅŸlevin veya nesnenin birden Ã§ok biÃ§im alma yeteneÄŸidir.",
Backend,Teknik Yetenekler,Java,"Java eriÅŸim belirleyiciler nedir?","EriÅŸim belirleyiciler, sÄ±nÄ±flarÄ±n diÄŸer farklÄ± sÄ±nÄ±flardaki metotlara eriÅŸim saÄŸlamasÄ±nÄ± veya bir sÄ±nÄ±ftaki Ã¶zel bir metoda baÅŸka bir sÄ±nÄ±fÄ±n eriÅŸim saÄŸlamasÄ±nÄ± engellemesini saÄŸlar. Javaâ€™da 4 farklÄ± eriÅŸim belirleyici bulunur: 1.public: Herhangi bir yerden eriÅŸim saÄŸlanabilir. 2. protected: SÄ±nÄ±f, paket ve altsÄ±nÄ±flar tarafÄ±ndan eriÅŸim saÄŸlayabilir. 3. private: Sadece sÄ±nÄ±f iÃ§erisinden eriÅŸilebilir. 4. default(eriÅŸim belirleyici yok): Bir eriÅŸim belirleyici kullanmadan sÄ±nÄ±f ve paket iÃ§erisinden eriÅŸilebilir.",
Backend,Teknik Yetenekler,Java,"Javaâ€™da this() ve super() nedir? AralarÄ±ndaki farklar nedir?","Bunlar, sÄ±nÄ±f yapÄ±cÄ±larÄ± arasÄ±nda geÃ§iÅŸ yapmak iÃ§in kullanÄ±lÄ±r. Her iki metod da yapÄ±cÄ± metotlarÄ±n iÃ§inde ilk satÄ±r olarak yazÄ±lmasÄ± gerekmektedir. Aksi halde hata verecektir. 'this()': Bu metod, sÄ±nÄ±fÄ±n kendisinde bulunan yapÄ±cÄ± metotlar arasÄ±nda geÃ§iÅŸ yapmak ve metodlarÄ± Ã§aÄŸÄ±rmak iÃ§in kullanÄ±labilir. 'super()': Bir sÄ±nÄ±fÄ±n kalÄ±tÄ±m yoluyla eriÅŸebildiÄŸi Ã¼st sÄ±nÄ±fÄ±n yapÄ±cÄ± metotlarÄ± arasÄ±nda geÃ§iÅŸ yapmak ve Ã§aÄŸÄ±rmak iÃ§in kullanÄ±labilir.",
Backend,Teknik Yetenekler,Java,"Overloading ve override nedir?","Overloading: Java'da, aynÄ± sÄ±nÄ±f iÃ§inde aynÄ± isimli birden fazla metodun olmasÄ±na denir. Bu metodlar, aynÄ± isimlerine raÄŸmen farklÄ± parametreler alÄ±rlar. BÃ¶ylece, kod okunaklÄ±lÄ±ÄŸÄ± arttÄ±rÄ±labilir. Overriding: Java'da, bir sÄ±nÄ±fÄ±n kalÄ±tÄ±m yoluyla eriÅŸebildiÄŸi Ã¼st sÄ±nÄ±ftaki aynÄ± isimli metodun yeniden tanÄ±mlanmasÄ±na denir. BÃ¶ylece, Ã¼st sÄ±nÄ±ftaki metodun iÅŸlevselliÄŸi deÄŸiÅŸtirilebilir ve kod tekrarÄ± Ã¶nlenebilir.",
Mobil Uygulama,Teknik Yetenekler,iOS,"iOS nedir?","iOS, Apple Inc. tarafÄ±ndan geliÅŸtirilen bir mobil iÅŸletim sistemidir. iPhone, iPad ve iPod Touch cihazlarÄ± gibi Apple cihazlarÄ±nda kullanÄ±lÄ±r."
Mobil Uygulama,Teknik Yetenekler,iOS,"Swift nedir?","Swift, iPadOS, macOS, tvOS, watchOS ve iOS geliÅŸtirme iÃ§in kullanÄ±lan, genel amaÃ§lÄ± ve aÃ§Ä±k kaynaklÄ± bir programlama dilidir. 2014 yÄ±lÄ±nda Apple tarafÄ±ndan geliÅŸtirildi. Swiftâ€™in amacÄ± iOS uygulamalarÄ± geliÅŸtirmektir. Swift.org'a gÃ¶re, Swift gÃ¼venli ve hÄ±zlÄ± bir programlama dilidir. Swift ayrÄ±ca bÃ¼yÃ¼yen bir topluluÄŸu da sahiptir. Swift kaynak kodu GitHub'da bulunabilir ve bu da herkesin koda eriÅŸmesini kolaylaÅŸtÄ±rÄ±r."
Mobil Uygulama,Teknik Yetenekler,iOS,"Android ve iOS arasÄ±ndaki farklar nelerdir?","Android - Google tarafÄ±ndan sunulan, Android cihazlar iÃ§in mobil iÅŸletim sistemidir. AkÄ±llÄ± telefonlar ve tabletlerde bulunur. GeliÅŸtirilmesinde C, Java ve C++ olmak Ã¼zere Ã§eÅŸitli programlama dilleri kullanÄ±lmÄ±ÅŸtÄ±r. iOS - Apple ÅŸirketi tarafÄ±ndan sunulan Apple cihazlar iÃ§in iÅŸletim sistemidir. Android'den sonra dÃ¼nya Ã§apÄ±nda en popÃ¼ler ikinci mobil iÅŸletim sistemidir. iPhone, iPod Touch, vb. gibi Apple mobil cihazlarÄ±nda kullanÄ±lÄ±r. GeliÅŸtirilmesinde Objective-C, Swift ve C++ kullanÄ±lmÄ±ÅŸtÄ±r."
Mobil Uygulama,Teknik Yetenekler,iOS,"Swift ve Objective-C arasÄ±ndaki fark nedir?","Swift, Apple tarafÄ±ndan 2014 yÄ±lÄ±nda piyasaya sÃ¼rÃ¼len bir programlama dilidir. Objective-C, Apple tarafÄ±ndan geliÅŸtirilen eski bir programlama dilidir. Swift, Objective-C'ye kÄ±yasla daha kolay, okunaklÄ± ve hÄ±zlÄ±dÄ±r."
Mobil Uygulama,Teknik Yetenekler,iOS,"Objective-Câ€™de kategori nedir?","Objective-C'deki kategoriler, nesnenin kendisini deÄŸiÅŸtirmeyi veya alt sÄ±nÄ±flamayÄ± kullanmadan bir nesneye iÅŸlevsellik eklemeyi saÄŸlayan araÃ§tÄ±r."
Mobil Uygulama,Teknik Yetenekler,iOS,"Bir uygulama geliÅŸtirirken hangi adÄ±mlarÄ± izlersiniz?","1. Gereksinimleri belirleme 2. TasarÄ±m oluÅŸturma 3. Kodlama 4. Test etme 5. YayÄ±nlama"
Mobil Uygulama,Teknik Yetenekler,iOS,"CocoaPods nedir?","CocoaPods, Swift ve Objective-C programlama dillerindeki baÄŸÄ±mlÄ±lÄ±klarÄ± yÃ¶netmek iÃ§in kullanÄ±lan bir paket yÃ¶neticisidir. Developerâ€™lar, basit ve kolay kod oluÅŸturmak iÃ§in CocoaPodsâ€™u kullanÄ±rlar. CocoaPods'un yardÄ±mÄ±yla developerâ€™lar, her ÅŸeyi sÄ±fÄ±rdan kodlamak yerine, diÄŸer developerâ€™lar tarafÄ±ndan zaten oluÅŸturulmuÅŸ ve hazÄ±rlanmÄ±ÅŸ kodu kullanÄ±rlar. Cocoapod'lar ayrÄ±ca kodunuzu diÄŸer insanlarla paylaÅŸmak iÃ§in bir kodlama merkezi gÃ¶revi de gÃ¶rÃ¼r."
Mobil Uygulama,Teknik Yetenekler,iOS,"Cocoa ve Cocoa Touch nedir?","Cocoa Touch, iPhone, iPad ve iPod Touch gibi Ã¼rÃ¼nler iÃ§in yazÄ±lÄ±m uygulamalarÄ± oluÅŸturmak Ã¼zere Apple tarafÄ±ndan saÄŸlanan bir kullanÄ±cÄ± arayÃ¼zÃ¼ frameworkâ€™Ã¼dÃ¼r. Swift, Cocoa ve Cocoa Touch frameworkleri ve Apple Ã¼rÃ¼nleri iÃ§in yazÄ±lan Objective  C kodlarÄ±yla Ã§alÄ±ÅŸmak iÃ§in tasarlanmÄ±ÅŸtÄ±r."
Mobil Uygulama,Teknik Yetenekler,iOS,"Core Data nedir?","Core Data, Apple tarafÄ±ndan geliÅŸtirilen ve sÃ¼rdÃ¼rÃ¼len bir frameworkâ€™dÃ¼r. Core Data, uygulamalarÄ±n model katmanÄ± olan MVC'deki M'dir."
Mobil Uygulama,Teknik Yetenekler,iOS,"UygulamanÄ±zda Core Data kullanmak iÃ§in ne yapmanÄ±z gerekir?","Core Data, iOS uygulamalarÄ±nda verileri saklamak iÃ§in kullanÄ±lan bir framework'tÃ¼r. Bir uygulamada Core Data kullanmak iÃ§in ÅŸu adÄ±mlar izlenir: 1. Core Data modelini oluÅŸturulur. 2. Verileri modeline uygun ÅŸekilde kaydedilir. 3. Verileri gÃ¶rÃ¼ntÃ¼lemek iÃ§in fetch iÅŸlemi kullanÄ±lÄ±r."
Mobil Uygulama,Teknik Yetenekler,iOS,"ARC nedir ve nasÄ±l Ã§alÄ±ÅŸÄ±r?","Otomatik Referans SayÄ±mÄ± (ARC), Objective-C derleyicisi Ã¶zelliÄŸi ve Swift'in hafÄ±za izleme sistemidir. Bellek yÃ¶netimini kolaylaÅŸtÄ±rmak ve bellek sÄ±zÄ±ntÄ±larÄ±nÄ± Ã¶nlemek iÃ§in Apple tarafÄ±ndan geliÅŸtirilmiÅŸtir. ARC, geliÅŸtiricilerin manuel bellek yÃ¶netimi yapmak zorunluluÄŸunu ortadan kaldÄ±rÄ±r. Nesnelerin bellekten kalmasÄ± veya bellekten silinmesi konusunda kendi kararÄ±nÄ±n verir. BÃ¶ylece, hatalÄ± bellek kullanÄ±mÄ± en aza indirir. ARC, programda kullanÄ±lan nesnelerin bellek yÃ¶netimini otomatik olarak yÃ¶netir. Programda bir nesne oluÅŸturulduÄŸunda, ARC bu nesne iÃ§in bir referans sayÄ±sÄ± oluÅŸturur. Bu sayÄ±, nesnenin kaÃ§ referansa sahip olduÄŸunu belirler. EÄŸer bir nesneye yeni bir referans oluÅŸturulursa, bu sayÄ± artar. EÄŸer bir referans silinirse, sayÄ± azalÄ±r. EÄŸer bir nesnenin referans sayÄ±sÄ± sÄ±fÄ±ra dÃ¼ÅŸerse, ARC nesneyi bellekten otomatik olarak siler."
Mobil Uygulama,Teknik Yetenekler,"iOS","Delegate nedir ve ne iÅŸe yarar?","Bir nesne gerÃ§ekleÅŸtirmek istediÄŸi gÃ¶revi devreder (delegator), bir diÄŸer nesne de o gÃ¶revi devralarak gerÃ§ekleÅŸtirir (delegate). Nesneler arasÄ±ndaki bu gÃ¶rev devri 'delegate' olarak adlandÄ±rÄ±lÄ±r. iOS SDK'daki birÃ§ok sÄ±nÄ±f, bir veya daha fazla delegasyon noktasÄ± saÄŸlar. Bu, bir nesnenin bir olay oluÅŸtuÄŸunda baÅŸka bir nesneye haber vermesini saÄŸlar. Delegasyon, kodun daha modÃ¼ler hale gelmesini saÄŸlar ve kod tekrarÄ±nÄ± azaltÄ±r."
Mobil Uygulama,Teknik Yetenekler,"iOS","Swift'te bir delege belirlemek iÃ§in hangi adÄ±mlar uygulanÄ±r?","1. Protokol tanÄ±mlanÄ±r. 2. Delege Ã¶rneÄŸi oluÅŸturulur. 3. Delege Ã§aÄŸrÄ±lÄ±r. 4. Delegeyi uygulanÄ±r. 5. Delege atanÄ±r."
Mobil Uygulama,Teknik Yetenekler,"iOS","Swift required init nedir?","Ä°nit, bir sÄ±nÄ±f, yapÄ± veya numaralandÄ±rma Ã¶rneÄŸi hazÄ±rlama iÅŸlemidir. Swift'de 'required init' anahtar kelimesi, bir sÄ±nÄ±fÄ±n tÃ¼retilen sÄ±nÄ±flar tarafÄ±ndan belirli bir ÅŸekilde baÅŸlatÄ±lmasÄ±nÄ± zorunlu kÄ±lmak iÃ§in kullanÄ±lÄ±r. Required anahtar kelimesi, alt sÄ±nÄ±flarÄ±n, Ã¼st sÄ±nÄ±fÄ±n tanÄ±mlanmÄ±ÅŸ bir yÃ¶ntemini geÃ§ersiz kÄ±lmadan Ã¶nce bu yÃ¶ntemi uygulamak zorunda olduklarÄ±nÄ± belirtir."
Mobil Uygulama,Teknik Yetenekler,"iOS","Swift init() syntaxâ€™Ä± nasÄ±ldÄ±r?","'init' anahtar kelimesinin yanÄ±na parantezler konularak sÄ±nÄ±fÄ±n yapÄ±cÄ± metodu tanÄ±mlanÄ±r."
Mobil Uygulama,Teknik Yetenekler,"iOS","Swift mutating nedir?","'Mutating', bir deÄŸerin iÃ§eriÄŸini deÄŸiÅŸtiren yÃ¶ntemin tanÄ±mlandÄ±ÄŸÄ±nÄ± gÃ¶stermeye yarayan Ã¶rnektir. Swiftâ€™te, bir fonksiyonun yapÄ±sÄ±nÄ± deÄŸiÅŸtirebileceÄŸimiz Ã¶zellik olan 'mutating' anahtar kelimesi kullanÄ±lÄ±r."
Mobil Uygulama,Teknik Yetenekler,"iOS","iOS uygulamalarÄ± iÃ§in Ã¶nerilen yaygÄ±n tasarÄ±m modelleri nelerdir?","Apple tarafÄ±ndan, iOS uygulamalarÄ± iÃ§in Ã¶nerilen tasarÄ±m modelleri arasÄ±nda Delegate, MVC, Observer ve Singleton yer alÄ±r."
Mobil Uygulama,Teknik Yetenekler,"iOS","UIKit Ã§erÃ§evesi nedir?","UIKit Ã§erÃ§evesi, iOS ve tvOS iÃ§in uygulamalar oluÅŸtururken ihtiyaÃ§ duyulan temel nesneleri saÄŸlar. Ä°Ã§eriÄŸi ekranda gÃ¶rÃ¼ntÃ¼lemek, bu iÃ§erikle etkileÅŸimde bulunmak ve sistemle etkileÅŸimleri yÃ¶netmek iÃ§in bu nesneler kullanÄ±lÄ±r."
Mobil Uygulama,Teknik Yetenekler,"iOS","UIKit View Controller yaÅŸam dÃ¶ngÃ¼sÃ¼ nedir?","UIKit View Controller yaÅŸam dÃ¶ngÃ¼sÃ¼, bir View Controller'Ä±n yaratÄ±ldÄ±ÄŸÄ± andan itibaren iÅŸlevselliÄŸini kaybedene kadar geÃ§irdiÄŸi aÅŸamalardÄ±r. UIKit View Controller yaÅŸam dÃ¶ngÃ¼sÃ¼ genellikle iki ana aÅŸamaya ayrÄ±lÄ±r: yÃ¼kleme gÃ¶rÃ¼ntÃ¼leme ve yaÅŸam dÃ¶ngÃ¼sÃ¼nÃ¼ gÃ¶rÃ¼ntÃ¼leme. Bu yaÅŸam dÃ¶ngÃ¼sÃ¼, View Controller'Ä±n ekran Ã¼zerinde gÃ¶rÃ¼ntÃ¼lendiÄŸi sÃ¼re boyunca sÃ¼rekli olarak gerÃ§ekleÅŸir."
Mobil Uygulama,Teknik Yetenekler,iOS,"Statik yazma ile dinamik yazma arasÄ±ndaki fark nedir?","Statik yazma ve dinamik yazma, Ã¶nemli kavramlardÄ±r. ğŸ‘‰ Statik yazma, program Ã§alÄ±ÅŸtÄ±rÄ±lmadan Ã¶nce tÃ¼m kodlarÄ±n kontrol edilmesi anlamÄ±na gelir. Swift, statik yazmayÄ± kullanÄ±r. ğŸ‘‰ Dinamik yazma, program Ã§alÄ±ÅŸÄ±rken kodun Ã§alÄ±ÅŸtÄ±rÄ±lmasÄ± ve sonucunun gÃ¶rÃ¼ntÃ¼lenmesi anlamÄ±na gelir. Objective-C, dinamik yazmayÄ± kullanÄ±r."
Mobil Uygulama,Teknik Yetenekler,iOS,"Tip Ã§Ä±karÄ±mÄ± nedir?","Derleyicinin bir deÄŸiÅŸkenin veri tipini otomatik olarak ayarlamasÄ±na izin veren bir iÅŸleve denir. BÃ¶ylece tip Ã§Ä±karÄ±mÄ±, kodun daha okunaklÄ± ve kÄ±sa olmasÄ±na yardÄ±mcÄ± olur. AyrÄ±ca kodun daha hÄ±zlÄ± yazÄ±lmasÄ±na da olanak tanÄ±r."
Mobil Uygulama,Teknik Yetenekler,iOS,"Objective-c ve Swift'de nesneler sÄ±fÄ±r olabilir mi?","Objective-C ve Swift, nesnelerin sÄ±fÄ±r olabilmesine izin verir."
Mobil Uygulama,Teknik Yetenekler,iOS,"Protokol nedir?","Protokol, soyut yÃ¶ntemler, sabitler ve deÄŸiÅŸkenler iÃ§eren bir arayÃ¼zdÃ¼r. Protokoller, sÄ±nÄ±flar arasÄ±nda iÅŸlevsellik saÄŸlar. Birden Ã§ok protokol uygulanabilir."
Mobil Uygulama,Teknik Yetenekler,iOS,"iOS tarafÄ±ndan hangi JSON Ã§erÃ§evesi desteklenir?","SBJson Ã§erÃ§evesi, iOS tarafÄ±ndan desteklenir. Objective-C iÃ§in bir JSON ayrÄ±ÅŸtÄ±rÄ±cÄ± ve oluÅŸturucudur. SBJson, JSON kullanÄ±mÄ±nÄ± kolaylaÅŸtÄ±ran esnek API'ler ve ek kontrol saÄŸlar."
Mobil Uygulama,Teknik Yetenekler,iOS,"iOS'ta GCD (Grand Central Dispatch) ne anlama gelir?","Grand Central Dispatch (GCD), kullanÄ±cÄ±larÄ±n arka planda iÅŸ parÃ§acÄ±klarÄ±nÄ± yÃ¶neterek eÅŸzamanlÄ± gÃ¶revleri Ã§alÄ±ÅŸtÄ±rmalarÄ±nÄ± saÄŸlayan bir API'dir. Grand Central Dispatch, birden Ã§ok arka plan gÃ¶revini, ana iÅŸ parÃ§acÄ±ÄŸÄ±nÄ± etkilemeden arka planda ve aynÄ± anda Ã§alÄ±ÅŸtÄ±rmayÄ± saÄŸlar."
Mobil Uygulama,Teknik Yetenekler,iOS,"iOSâ€™ta eÅŸzamanlÄ±lÄ±k elde etmenin yollarÄ± nelerdir?","Threads, Dispatch queues, Operation queues"
Mobil Uygulama,Teknik Yetenekler,iOS,"iOS uygulamalarÄ±nÄ±n Ã§alÄ±ÅŸÄ±r durumda olmadÄ±ÄŸÄ±nÄ± ne zaman sÃ¶ylersiniz?","BaÅŸlatÄ±lmadÄ±ÄŸÄ±nda veya Ã§alÄ±ÅŸma sÄ±rasÄ±nda sistem tarafÄ±ndan sonlandÄ±rÄ±ldÄ±ÄŸÄ±nda bir uygulamanÄ±n Ã§alÄ±ÅŸÄ±r durumda olmadÄ±ÄŸÄ± sÃ¶ylenebilir."
Mobil Uygulama,Teknik Yetenekler,iOS,"iBeacon nedir?","iBeacon, Bluetooth Low Energy (BLE) kullanan ve akÄ±llÄ± telefonlarÄ± algÄ±lamak ve izlemek iÃ§in verici gÃ¶revi gÃ¶ren kÃ¼Ã§Ã¼k Ã¶lÃ§ekli bir aÄŸ cihazÄ±dÄ±r. Apple iBeacon protokolÃ¼, BLE'nin kablosuz cihazlarÄ±n insan mÃ¼dahalesi olmadan baÄŸlanmasÄ±na izin vererek konum tabanlÄ± bildirimler/hizmetler vermek iÃ§in kullanÄ±lÄ±r."
Mobil Uygulama,Teknik Yetenekler,iOS,"Operator Overloading nedir?","OperatÃ¶r fonksiyonlarÄ± (Operator Overloading), mevcut operatÃ¶rlerin davranÄ±ÅŸlarÄ±nÄ± deÄŸiÅŸtirme ve yeni operatÃ¶rler ekleme iÅŸlemini saÄŸlar."
Mobil Uygulama,Teknik Yetenekler,iOS,"TVMLKit nedir?","TVMLKit, TVML, JavaScript ve tvOS yazÄ±lÄ±mlarÄ± arasÄ±nda kÃ¶prÃ¼ gÃ¶revi gÃ¶rÃ¼r. TVMLKit framework, tvOS uygulamasÄ±nÄ±n iÃ§inden TVMLKit JS ve TVML dosyalarÄ±nÄ± deÄŸerlendirmeyi saÄŸlar."
Mobil Uygulama,Teknik Yetenekler,iOS,"Swift'de NSError nedir?","Swift'de NSError, temelde hata ve istisnai durumlarÄ± tanÄ±mlamak iÃ§in kullanÄ±lan bir sÄ±nÄ±ftÄ±r. Genellikle Objective-C dÃ¶neminden miras alÄ±nmÄ±ÅŸtÄ±r ve Objective-C kodlarÄ± ile etkileÅŸime geÃ§erken kullanÄ±labilir. NSError nesnesi, bir iÅŸlev veya metod Ã§aÄŸrÄ±sÄ±nÄ±n baÅŸarÄ±sÄ±z olduÄŸu durumlarÄ± temsil etmek iÃ§in kullanÄ±lÄ±r."
Data Science,Teknik Yetenekler,Data Science,"Lineer Regresyon iÃ§in gerekli varsayÄ±mlar nelerdir?","Lineer (DoÄŸrusal) bir regresyonun dÃ¶rt varsayÄ±mÄ± vardÄ±r: DoÄŸrusallÄ±k, BaÄŸÄ±msÄ±zlÄ±k, EÅŸ varyans (Homoscedasticity), Normallik."
Data Science,Teknik Yetenekler,Data Science,"Eksik veri nedir?","Eksik veri, verilen veri kÃ¼mesindeki bazÄ± deÄŸiÅŸkenler iÃ§in depolanmayan deÄŸerler veya veriler olarak tanÄ±mlanÄ±r."
Data Science,Teknik Yetenekler,Data Science,"Bir veri kÃ¼mesinde eksik veriler nasÄ±l ele alÄ±nÄ±r?","KayÄ±p verileri iÅŸlemenin Ã§eÅŸitli yollarÄ± vardÄ±r. Eksik veri iÃ§eren satÄ±rlar bÄ±rakÄ±lÄ±r. BirkaÃ§ eksik veri iÃ§eren sÃ¼tunlar bÄ±rakÄ±lÄ±r. Eksik veriler bir dizi veya sayÄ±sal sabitle doldurulur. Eksik veriler, sÃ¼tunun ortalama veya ortanca deÄŸeriyle deÄŸiÅŸtirilir. Eksik veriyi tahmin etmek iÃ§in Ã§oklu regresyon analizleri kullanÄ±lÄ±r. Eksik verileri rastgele hatalarla deÄŸiÅŸtirmek iÃ§in birden Ã§ok sÃ¼tun kullanÄ±lÄ±r."
Data Science,Teknik Yetenekler,Data Science,"Veri kÃ¼mesinde eksik bir deÄŸer nasÄ±l temsil edilir?","Eksik deÄŸerler veya boÅŸluklar genellikle NaN ile temsil edilir. Numara deÄŸil anlamÄ±na gelir."
Data Science,Teknik Yetenekler,Data Science,"DoÄŸru deÄŸiÅŸkenleri seÃ§mek iÃ§in kullanÄ±lan Ã¶zellik seÃ§im yÃ¶ntemleri nelerdir?","DoÄŸru Ã¶zellikleri seÃ§mek iÃ§in kullanÄ±lan Ã¶zellik seÃ§im yÃ¶ntemleri ÅŸunlardÄ±r: Filtre YÃ¶ntemleri: Korelasyon Analizi: DeÄŸiÅŸkenler arasÄ±ndaki iliÅŸki incelenir ve hedef deÄŸiÅŸkenle gÃ¼Ã§lÃ¼ korelasyona sahip olanlar seÃ§ilir. Varyans Analizi: DeÄŸiÅŸkenlerin varyanslarÄ± incelenir ve dÃ¼ÅŸÃ¼k varyansa sahip olanlar elemeye tabi tutulur. KarÅŸÄ±laÅŸtÄ±rmalÄ± Ä°statistikler: Gruplar arasÄ±ndaki farklar deÄŸerlendirilir ve hedef deÄŸiÅŸkenle iliÅŸkisi yÃ¼ksek olanlar seÃ§ilir. Ki-kare Testi: Bir modelin gÃ¶zlemlenen gerÃ§ek verilerle karÅŸÄ±laÅŸtÄ±rÄ±lmasÄ±nÄ± Ã¶lÃ§er. Sarma (Wrapper) YÃ¶ntemleri: IÅŸÄ±nlama (Forward Selection): BaÅŸlangÄ±Ã§ta boÅŸ bir modelden baÅŸlayarak, en iyi Ã¶zellikler sÄ±rayla eklenir. Geri Ã‡Ä±karma (Backward Elimination): TÃ¼m Ã¶zellikleri iÃ§eren bir modelden baÅŸlayarak, en az etkili olanlar sÄ±rayla Ã§Ä±kartÄ±lÄ±r. Recursive Feature Elimination (RFE): Modelin performansÄ± deÄŸerlendirilerek, en dÃ¼ÅŸÃ¼k katkÄ± saÄŸlayan Ã¶zellikler iteratif olarak Ã§Ä±kartÄ±lÄ±r. GÃ¶mÃ¼lÃ¼ YÃ¶ntemler: Lasso ve Ridge Regresyon: KatsayÄ±larÄ± sÄ±fÄ±ra yakÄ±nlaÅŸtÄ±rarak gereksiz Ã¶zellikleri filtreler. Karar AÄŸaÃ§larÄ±: Ã–zelliklerin Ã¶nem dÃ¼zeylerini hesaplayarak, Ã¶nemsiz Ã¶zellikleri ayÄ±rt etmeye yardÄ±mcÄ± olur. Bu yÃ¶ntemler veri analizi ve model oluÅŸturma sÃ¼reÃ§lerinde kullanÄ±larak, en uygun Ã¶zelliklerin seÃ§ilmesi saÄŸlanÄ±r."
Data Science,Teknik Yetenekler,Data Science,"DoÄŸrulama seti ve test seti nedir?","DoÄŸrulama seti, model parametrelerini optimize etmek iÃ§in kullanÄ±lÄ±r. EÄŸitim setinin bir parÃ§asÄ±dÄ±r. GeliÅŸtirilmekte olan makine Ã¶ÄŸrenimi modeline aÅŸÄ±rÄ± uyum saÄŸlamaktan kaÃ§Ä±nmaya yardÄ±mcÄ± olur. Test seti, eÄŸitilmiÅŸ bir makine Ã¶ÄŸrenimi modelinin tarafsÄ±z bir tahminini saÄŸlamak, performansÄ±nÄ± deÄŸerlendirmek veya test etmek iÃ§in kullanÄ±lÄ±r."
Data Science,Teknik Yetenekler,Data Science,"Veri biliminin dÃ¶rt ana bileÅŸeni nedir?","1. Veri toplama ve temizleme 2. Veri KeÅŸfi ve GÃ¶rselleÅŸtirme 3. Model OluÅŸturma ve Analiz 4. SonuÃ§larÄ±n YorumlanmasÄ±"
Data Science,Teknik Yetenekler,Data Science,"Makine Ã¶ÄŸreniminde aÅŸÄ±rÄ± uydurma nedir? AÅŸÄ±rÄ± uydurmadan nasÄ±l kaÃ§Ä±nÄ±lÄ±r?","AÅŸÄ±rÄ± uydurma bir eÄŸitim veri setinde Ã§ok iyi eÄŸitilmiÅŸ ancak test ve doÄŸrulama veri setinde baÅŸarÄ±sÄ±z olan bir modeli ifade eder. Ä°stenmeyen bir makine Ã¶ÄŸrenimi davranÄ±ÅŸÄ±dÄ±r. AÅŸÄ±rÄ± uydurma, bir model yanlÄ±ÅŸ tahminler verebilir ve her tÃ¼r yeni veri iÃ§in iyi performans gÃ¶steremez. AÅŸÄ±rÄ± uydurma ÅŸu ÅŸekilde Ã¶nlenebilir: 1. Model karmaÅŸÄ±klÄ±ÄŸÄ±nÄ± azaltmak, 2. Ã‡apraz doÄŸrulama tekniklerini kullanmak, 3. Modeli daha fazla veriyle eÄŸitmek, 4. Ã–rnek sayÄ±sÄ±nÄ± artÄ±ran veriyi kullanmak, 5. BirleÅŸtirmeyi kullanmak (Bagging ve Boosting), 6. AÅŸÄ±rÄ± uydurmaya neden olma olasÄ±lÄ±ÄŸÄ± yÃ¼ksek, belirli model parametrelerinde dÃ¼zenlileÅŸtirme tekniklerini kullanmak."
Data Science,Teknik Yetenekler,Data Science,"AÅŸÄ±rÄ± uyum nasÄ±l tespit edilir?","Makine Ã¶ÄŸrenimi modellerinin doÄŸruluÄŸunu anlamak iÃ§in model uygunluÄŸunu test etmek Ã¶nemlidir. AÅŸÄ±rÄ± uyum modellerini tespit etmenin en iyi yÃ¶ntemlerinden biri, K katmanlÄ± Ã§apraz doÄŸrulama yÃ¶ntemidir. K-katmanlÄ± Ã§apraz doÄŸrulama, test yÃ¶ntemlerinden biridir. Bu yÃ¶ntemde, veriler aynÄ± zamanda ""kÄ±vrÄ±mlar"" olarak da adlandÄ±rÄ±lan k adet eÅŸit bÃ¼yÃ¼klÃ¼kte alt kÃ¼meye bÃ¶lÃ¼nÃ¼r. K-katlamalardan biri, uzatma seti veya doÄŸrulama seti olarak da bilinen test seti olarak iÅŸlev gÃ¶rÃ¼r ve geri kalan kÄ±vrÄ±mlar modeli eÄŸitir. Bu iÅŸlem, Ã§ok kez tekrarlanÄ±r."
Data Science,Teknik Yetenekler,Data Science,"Makine Ã¶ÄŸreniminde Ã¶neri sistemi nedir?","Ã–neri sistemleri, bir kullanÄ±cÄ±nÄ±n bazÄ± Ã¼rÃ¼nlere verdiÄŸi derecelendirmeleri veya Ã¼rÃ¼n ile ilgili tercihlerini tahmin etmeye yÃ¶nelik bilgi filtreleme sistemidir. Ã–rneÄŸin, Amazon'daki Ã¼rÃ¼n tavsiyeleri bÃ¶lÃ¼mÃ¼ bir Ã¶neri sistemidir. Bu bÃ¶lÃ¼m, kullanÄ±cÄ±nÄ±n arama geÃ§miÅŸine ve geÃ§miÅŸ sipariÅŸlerine dayalÄ± Ã¼rÃ¼nleri listeler."
Data Science,Teknik Yetenekler,Data Science,"SQL'deki farklÄ± iliÅŸki tÃ¼rleri nelerdir?","DÃ¶rt ana SQL iliÅŸkisi tÃ¼rÃ¼ vardÄ±r: 1. One-to-One (Bire Bir), 2. One-to-Many (Bir Ã‡ok Ä°liÅŸki), 3. Many-to-Many (Ã‡oktan Ã‡oÄŸa), 4. Self-Referencing (Kendine Referans Veren)."
Data Science,Teknik Yetenekler,Data Science,"Boyut Azaltma(Dimensionality Reduction) nedir? FaydalarÄ± nelerdir?","Boyut azaltma, bir veri kÃ¼mesindeki Ã¶zelliklerin (veya boyutlarÄ±n) sayÄ±sÄ±nÄ± mÃ¼mkÃ¼n olduÄŸu kadar fazla bilgiyi koruyarak azaltma iÅŸlemidir. Bir modelin karmaÅŸÄ±klÄ±ÄŸÄ±nÄ± azaltmak, Ã¶ÄŸrenme algoritmasÄ±nÄ±n performansÄ±nÄ± iyileÅŸtirmek veya verileri gÃ¶rselleÅŸtirmeyi kolaylaÅŸtÄ±rmak iÃ§in yapÄ±lÄ±r. PCA, SVD ve lineer diskriminant analizi gibi Ã§eÅŸitli teknikler vardÄ±r. Her teknik, Ã¶nemli bilgileri korurken verileri daha dÃ¼ÅŸÃ¼k boyutlu bir alana yansÄ±tmak iÃ§in farklÄ± bir yÃ¶ntem kullanÄ±r."
Data Science,Teknik Yetenekler,Data Science,"Denetimli (Supervised) ve Denetimsiz (Unsupervised) Ã¶ÄŸrenme nedir?","Denetimli (Supervised) Ã¶ÄŸrenme, etiketli veri kÃ¼melerinin kullanÄ±mÄ±yla tanÄ±mlanan bir makine Ã¶ÄŸrenimi yaklaÅŸÄ±mÄ±dÄ±r. Bu veri kÃ¼meleri, algoritmalarÄ± ve verileri sÄ±nÄ±flandÄ±rmak, sonuÃ§larÄ± doÄŸru bir ÅŸekilde tahmin etmek Ã¼zere eÄŸitmek veya 'denetlemek' iÃ§in tasarlanmÄ±ÅŸtÄ±r. Denetimsiz (Unsupervised) Ã¶ÄŸrenme, etiketli yanÄ±tlar olmadan girdi verilerini iÃ§eren veri kÃ¼melerinden Ã§Ä±karÄ±mlarÄ±n yapÄ±ldÄ±ÄŸÄ± yaklaÅŸÄ±mdÄ±r. Denetimsiz Ã¶ÄŸrenme, etiketlenmemiÅŸ veri kÃ¼melerini analiz etmek ve kÃ¼melemek iÃ§in makine Ã¶ÄŸrenimi algoritmalarÄ±nÄ± kullanÄ±r."
Data Science,Teknik Yetenekler,Data Science,"SeÃ§im YanlÄ±lÄ±ÄŸÄ± (selection Bias) nedir ve Ã§eÅŸitli tÃ¼rleri nelerdir?","SeÃ§im yanlÄ±lÄ±ÄŸÄ± (selection bias), bir veri setinin seÃ§im sÃ¼reci nedeniyle temsil edilmemiÅŸ veya Ã¶rneklem dÄ±ÅŸÄ± bir alt kÃ¼menin analize dahil edilmesi sonucu ortaya Ã§Ä±kan bir hata tÃ¼rÃ¼dÃ¼r. SeÃ§im yanlÄ±lÄ±ÄŸÄ±, kohort Ã§alÄ±ÅŸmalarÄ±, vaka kontrol Ã§alÄ±ÅŸmalarÄ± ve kesitsel araÅŸtÄ±rmalar gibi katÄ±lÄ±mcÄ±larÄ±n seÃ§iminin rastgele olmadÄ±ÄŸÄ± Ã§alÄ±ÅŸmalarda sÄ±klÄ±kla ortaya Ã§Ä±kar. SeÃ§im yanlÄ±lÄ±ÄŸÄ± bir sistematik hata tÃ¼rÃ¼dÃ¼r. Ã‡eÅŸitli seÃ§im yanlÄ±lÄ±ÄŸÄ± tÃ¼rleri vardÄ±r: Ã–rneklem SeÃ§im YanlÄ±lÄ±ÄŸÄ±: Ã–rnekleme sÃ¼recinde rastgele seÃ§im yapÄ±lmamasÄ± veya belirli bir alt kÃ¼menin Ã¶rneklem dÄ±ÅŸÄ± bÄ±rakÄ±lmasÄ± sonucu oluÅŸur. Ã–rneÄŸin, bir anket yalnÄ±zca belirli bir yaÅŸ grubundan insanlarÄ± iÃ§eriyorsa, bu anketin sonuÃ§larÄ± genel nÃ¼fusu yansÄ±tmayabilir. Veri: Veri noktalarÄ±nÄ±n seÃ§ilmesindeki hatalar veya Ã¶nyargÄ±lar sonucu oluÅŸan bir tÃ¼r seÃ§im yanlÄ±lÄ±ÄŸÄ±dÄ±r. YÄ±pratma: KatÄ±lÄ±mcÄ±larÄ±n kaybÄ±, deneklerinin veya tamamlanmayan testlerin dikkate alÄ±nmamasÄ± durumudur."
Data Science,Teknik Yetenekler,Data Science,"Metin analizi iÃ§in Python ve R arasÄ±ndan hangisini seÃ§erdiniz?","Metin analizi iÃ§in Python bazÄ± nedenlerden dolayÄ± R'ye Ã¼stÃ¼nlÃ¼k saÄŸlar. Python Pandas kÃ¼tÃ¼phanesi, kullanÄ±mÄ± kolay veri yapÄ±larÄ± bulundurur. Buna ek olarak, yÃ¼ksek performanslÄ± veri analiz araÃ§larÄ± sunar. Python, tÃ¼m metin analizi tÃ¼rleri iÃ§in daha hÄ±zlÄ± bir performansa sahiptir."
Data Science,Teknik Yetenekler,Data Science,"Veri analizinde veri temizlemenin amacÄ± nedir?","Veri temizleme, veri kÃ¼mesindeki hatalarÄ±, yinelemeleri ve alakasÄ±z verileri tanÄ±mlar ve dÃ¼zeltir. Veri temizleme veri hazÄ±rlama sÃ¼recinin bir parÃ§asÄ±dÄ±r. Veri kaynaklarÄ±nÄ±n sayÄ±sÄ± arttÄ±kÃ§a, verilerin temizlenmesi iÃ§in gereken sÃ¼re katlanarak arttÄ±ÄŸÄ±ndan, veri temizleme gÃ¶z korkutucu bir gÃ¶rev gibi gÃ¶rÃ¼nebilir. Bunun nedeni, ek kaynaklar tarafÄ±ndan Ã¼retilen Ã§ok ve bÃ¼yÃ¼k miktardaki verilerdir. Veri temizlemenin amacÄ± ÅŸunlardÄ±r: FarklÄ± kaynaklardan gelen verilerin temizlenmesi, verilerin Ã¼zerinde Ã§alÄ±ÅŸmayÄ± daha kolay hale getirir. Veri temizleme, makine Ã¶ÄŸrenimi modelinin doÄŸruluÄŸunu artÄ±rÄ±r. Veri temizleme, akÄ±llÄ± kararlar alÄ±nmasÄ±na olanak tanÄ±yan tutarlÄ± ve yapÄ±landÄ±rÄ±lmÄ±ÅŸ, doÄŸru veriler Ã¼retir. Zamandan ve paradan tasarruf saÄŸlayarak iyileÅŸtirme alanlarÄ±nÄ± vurgular."
Data Science,Teknik Yetenekler,Data Science,"Python'da Ã–klid mesafesi nasÄ±l hesaplanabilir?","Ã–klid mesafesi, iki nokta arasÄ±ndaki doÄŸrusal uzaklÄ±ÄŸÄ± Ã¶lÃ§en bir metriktir. Python'da Ã–klid mesafesini hesaplamak iÃ§in kullanabileceÄŸiniz Ã§ok sayÄ±da yerleÅŸik modÃ¼l ve iÅŸlev vardÄ±r. Bunun iÃ§in, NumPy modÃ¼lÃ¼, math.dist() ve distance.euclidean() iÅŸlevlerinden biri kullanÄ±labilir."
Data Science,Teknik Yetenekler,Data Science,"Epoch nedir?","Epoch, tÃ¼m eÄŸitim verilerinin aynÄ± anda kullanÄ±ldÄ±ÄŸÄ± zamandÄ±r. Makine Ã¶ÄŸrenimi modelini eÄŸitmek iÃ§in tek bir dÃ¶ngÃ¼de tÃ¼m eÄŸitim verilerinin toplam yineleme sayÄ±sÄ± olarak tanÄ±mlanÄ±r. Veri seti hem ileri hem de geri geÃ§iÅŸ yaptÄ±ÄŸÄ±nda bir epoch yani geÃ§iÅŸ sayÄ±lÄ±r. DÃ¶nem sayÄ±sÄ± bir hiperparametre olarak kabul edilir."
Data Science,Teknik Yetenekler,Data Science,"Yineleme nedir?","Yineleme, verilerin bir dÃ¶nem iÃ§inde uygulanan farklÄ± gruplar halinde sÄ±nÄ±flandÄ±rÄ±lmasÄ±dÄ±r."
Data Science,Teknik Yetenekler,Data Science,"Maliyet fonksiyonu nedir?","Maliyet fonksiyonu, modelin performansÄ±nÄ±n ne kadar iyi olduÄŸunu deÄŸerlendirmek iÃ§in kullanÄ±lan bir araÃ§tÄ±r."
Data Science,Teknik Yetenekler,Data Science,"Hiperparametreler nelerdir?","Hiperparametreler, deÄŸerleri Ã¶ÄŸrenme sÃ¼recini kontrol eden ve bir model parametrelerinin deÄŸerlerini belirleyen parametrelerdir. 'hyper_', bunlarÄ±n Ã¶ÄŸrenme sÃ¼recini ve bundan kaynaklanan model parametrelerini kontrol eden 'Ã¼st dÃ¼zey' parametreler olduÄŸunu gÃ¶sterir. KÄ±saca, Ã¶ÄŸrenme sÃ¼recinden Ã¶nce deÄŸeri belirlenen bir tÃ¼r parametredir."
Data Science,Teknik Yetenekler,Data Science,"Toplu normalleÅŸtirme nedir?","Toplu normalleÅŸtirme (batch normalization), derin Ã¶ÄŸrenme ve yapay sinir aÄŸlarÄ±nda kullanÄ±lan, eÄŸitim sÄ±rasÄ±nda sinir aÄŸlarÄ±nÄ±n daha hÄ±zlÄ± ve daha istikrarlÄ± bir ÅŸekilde konverjans gÃ¶stermesine yardÄ±mcÄ± olan bir yÃ¶ntemdir. Toplu normalleÅŸtirme, Ã¶zellikle derin sinir aÄŸlarÄ±nÄ±n eÄŸitimini daha verimli hale getirmek iÃ§in geliÅŸtirilmiÅŸtir."























































